"years_before_present","CO2_ppm","yearsElapsed"
798580,191,4599201420
797167,188.4,4599202833
796535,189.3,4599203465
795270,195.2,4599204730
794676,199.4,4599205324
793328,209,4599206672
793011,204,4599206989
792149,205.1,4599207851
791559,215.4,4599208441
790606,221.3,4599209394
790221,218.2,4599209779
789449,226.3,4599210551
788955,229.5,4599211045
788101,247.9,4599211899
787873,248.1,4599212127
787144,256.9,4599212856
786655,260.3,4599213345
785857,255.4,4599214143
785481,253.3,4599214519
784760,250.7,4599215240
784215,246.9,4599215785
783331,252.1,4599216669
782127,246.2,4599217873
781603,248.7,4599218397
780680,242.8,4599219320
780336,248.5,4599219664
779432,243.9,4599220568
778866,245.8,4599221134
777968,246.1,4599222032
777624,246.3,4599222376
776704,243.9,4599223296
776105,238.8,4599223895
775119,240.5,4599224881
774616,236.9,4599225384
773748,233.3,4599226252
773111,230,4599226889
772144,230.9,4599227856
771776,229.5,4599228224
771328,237.7,4599228672
771062,235.6,4599228938
770792,238.2,4599229208
770515,235.6,4599229485
770201,231.5,4599229799
769855,226,4599230145
769582,228.1,4599230418
769118,221.4,4599230882
768723,222.4,4599231277
767805,217.7,4599232195
767164,213.5,4599232836
766178,215.7,4599233822
765803,216.8,4599234197
764901,222.6,4599235099
764317,224.1,4599235683
764002,221.4,4599235998
763754,225.7,4599236246
763387,215,4599236613
762939,216,4599237061
762132,212,4599237868
761521,206.1,4599238479
760568,206.9,4599239432
760270,208.8,4599239730
759374,214.9,4599240626
758951,217.9,4599241049
758543,217.6,4599241457
758327,215.3,4599241673
758030,219.2,4599241970
757629,215,4599242371
756939,210.7,4599243061
756425,206,4599243575
755563,201.9,4599244437
755309,200.5,4599244691
754462,195.8,4599245538
754052,191.5,4599245948
753046,196.5,4599246954
752673,188,4599247327
751898,190.1,4599248102
751369,186.2,4599248631
750544,184,4599249456
750262,184.8,4599249738
749469,182.9,4599250531
748981,181.4,4599251019
748169,180.4,4599251831
747827,180.8,4599252173
747178,180.8,4599252822
746711,183.1,4599253289
745904,180.2,4599254096
744911,182,4599255089
744422,181.2,4599255578
743657,180.4,4599256343
743301,181.7,4599256699
742626,182.3,4599257374
742143,177.9,4599257857
741375,176.6,4599258625
741089,178.6,4599258911
740345,178.9,4599259655
739910,185,4599260090
739205,197.8,4599260795
738912,200.3,4599261088
738340,206.5,4599261660
737957,210.6,4599262043
737334,211.3,4599262666
737102,208.1,4599262898
736528,209.7,4599263472
736147,204.1,4599263853
735527,201.3,4599264473
735235,201.7,4599264765
734672,207.4,4599265328
734291,205.3,4599265709
733611,204.4,4599266389
733329,203.9,4599266671
732616,205.9,4599267384
732209,203.8,4599267791
731397,204.9,4599268603
731017,204.1,4599268983
730367,204,4599269633
728989,205.4,4599271011
728636,205.1,4599271364
727800,205.5,4599272200
727260,204.5,4599272740
726390,208.1,4599273610
726005,206.6,4599273995
725127,206.3,4599274873
724513,210.3,4599275487
723532,213.2,4599276468
723201,213.4,4599276799
722107,211.3,4599277893
721386,206.3,4599278614
720405,195.2,4599279595
719862,187.8,4599280138
718847,184.3,4599281153
718132,192.9,4599281868
717133,205,4599282867
716772,208.1,4599283228
715818,222.1,4599284182
715248,217.7,4599284752
714356,221.7,4599285644
713911,222.3,4599286089
712901,218.5,4599287099
711489,218.7,4599288511
711172,218.9,4599288828
710305,220.2,4599289695
709748,219.7,4599290252
706477,228.1,4599293523
706209,228.6,4599293791
705478,228.5,4599294522
705041,233.9,4599294959
704279,231.2,4599295721
704002,231.2,4599295998
703452,232.8,4599296548
703056,232.4,4599296944
702449,230.3,4599297551
702226,229.3,4599297774
701674,228.8,4599298326
701310,228.2,4599298690
700812,227.6,4599299188
700457,228.7,4599299543
699977,226,4599300023
699701,227.6,4599300299
699170,227.7,4599300830
698948,226.4,4599301052
698454,228,4599301546
698188,231,4599301812
697728,232.2,4599302272
697399,232.4,4599302601
697031,232.9,4599302969
696785,235.4,4599303215
696355,234.8,4599303645
696130,234.6,4599303870
695686,237.6,4599304314
695451,236.7,4599304549
695009,236.9,4599304991
694740,235.8,4599305260
694368,234.4,4599305632
694136,235.4,4599305864
693707,234.1,4599306293
693501,234.1,4599306499
693058,234.8,4599306942
692833,232.9,4599307167
692406,235.9,4599307594
692125,235.5,4599307875
691740,236.6,4599308260
691500,235.6,4599308500
691067,234,4599308933
690839,240,4599309161
690362,234.8,4599309638
690125,235.6,4599309875
689671,239.9,4599310329
689372,235.8,4599310628
688949,234.9,4599311051
688720,235.8,4599311280
688263,233,4599311737
688017,232.3,4599311983
687538,228.8,4599312462
687295,228.7,4599312705
686794,227.3,4599313206
686493,224.3,4599313507
686048,224.4,4599313952
685784,223.5,4599314216
685285,219.7,4599314715
685017,219.5,4599314983
684487,219.4,4599315513
684210,217.5,4599315790
683680,217.5,4599316320
683330,218.7,4599316670
682830,221.3,4599317170
682514,222.6,4599317486
681917,219.7,4599318083
681599,217.3,4599318401
680988,216.2,4599319012
680676,218.4,4599319324
680149,225,4599319851
679800,223,4599320200
679320,230.3,4599320680
678982,230.8,4599321018
678359,230,4599321641
678052,226.5,4599321948
677448,217.4,4599322552
677136,215.6,4599322864
676592,214,4599323408
676238,217.4,4599323762
675657,220,4599324343
674589,213.7,4599325411
674241,209.2,4599325759
673543,202.3,4599326457
673163,198.7,4599326837
672454,194.8,4599327546
671994,192.5,4599328006
671354,194.6,4599328646
670984,192.6,4599329016
670244,189.3,4599329756
669819,185.5,4599330181
669002,178.5,4599330998
668515,175.6,4599331485
667637,171.6,4599332363
667063,172.7,4599332937
666242,178.5,4599333758
665713,178.2,4599334287
664758,185.8,4599335242
664260,189.1,4599335740
663274,189,4599336726
662737,187.8,4599337263
661718,189.8,4599338282
661049,186.6,4599338951
660152,183.9,4599339848
659592,182.4,4599340408
658542,189.2,4599341458
657991,191.3,4599342009
656950,198.7,4599343050
656354,198.4,4599343646
655270,193.2,4599344730
654541,191.3,4599345459
653516,185.3,4599346484
652870,185.8,4599347130
651624,192,4599348376
650959,187.8,4599349041
649666,194.8,4599350334
649014,192.1,4599350986
647656,190.5,4599352344
646791,188.6,4599353209
645538,194.6,4599354462
644730,194.1,4599355270
643272,190.4,4599356728
642473,190.2,4599357527
640828,189.1,4599359172
639916,187.7,4599360084
638195,194.3,4599361805
637025,193,4599362975
635557,193.9,4599364443
634660,192.1,4599365340
632924,195.6,4599367076
632069,199.5,4599367931
630363,199.9,4599369637
629514,198.7,4599370486
628067,205,4599371933
627279,214.9,4599372721
626283,227.8,4599373717
625638,234.3,4599374362
624758,237.3,4599375242
623282,238.6,4599376718
621828,243,4599378172
620406,245.4,4599379594
619023,247.9,4599380977
617612,252.3,4599382388
616295,252.4,4599383705
614991,252.5,4599385009
613777,256,4599386223
612582,258,4599387418
611387,259.6,4599388613
610204,257.7,4599389796
608997,259.2,4599391003
607776,254.6,4599392224
606442,248.5,4599393558
605144,244.5,4599394856
603741,239.1,4599396259
602346,237.9,4599397654
600950,232.5,4599399050
599502,229.4,4599400498
598901,226,4599401099
598034,219,4599401966
597511,216.3,4599402489
596583,216.4,4599403417
596018,221.2,4599403982
595257,232.9,4599404743
594707,238,4599405293
593938,238.1,4599406062
593483,233.2,4599406517
592765,229.4,4599407235
592347,225.7,4599407653
590961,237.4,4599409039
590403,243.6,4599409597
589936,248.1,4599410064
589292,250.2,4599410708
588784,246.3,4599411216
588102,238.8,4599411898
587715,234.4,4599412285
586961,226,4599413039
586474,224,4599413526
583481,210.6,4599416519
583102,206.7,4599416898
582459,209.9,4599417541
582068,215.4,4599417932
581575,219.4,4599418425
581228,225.2,4599418772
580763,230.3,4599419237
580468,236.2,4599419532
580087,243.8,4599419913
579889,244.1,4599420111
579503,251.5,4599420497
578925,252.9,4599421075
578373,249.1,4599421627
577837,251.1,4599422163
577310,251.3,4599422690
576791,251.3,4599423209
576290,252.9,4599423710
575798,252.5,4599424202
575333,248.9,4599424667
574871,252.1,4599425129
574421,251.9,4599425579
573970,251.8,4599426030
573530,248.7,4599426470
573105,249.2,4599426895
572687,247.7,4599427313
572258,246.3,4599427742
571843,250.3,4599428157
571435,251.6,4599428565
571023,249.6,4599428977
570616,251.8,4599429384
570207,251.8,4599429793
569796,251.3,4599430204
569399,250,4599430601
569014,251.3,4599430986
568624,250.2,4599431376
568235,253,4599431765
567845,252.8,4599432155
567449,253.9,4599432551
567075,253.2,4599432925
566687,254.5,4599433313
566301,253.9,4599433699
565919,254.3,4599434081
565534,253.7,4599434466
565145,251.4,4599434855
564767,252.6,4599435233
564379,252.4,4599435621
563986,251.4,4599436014
563585,247.6,4599436415
563183,245.8,4599436817
562758,245.7,4599437242
562340,242.3,4599437660
561914,240.1,4599438086
561377,234.1,4599438623
560998,234.6,4599439002
560527,231.9,4599439473
560040,231.6,4599439960
559529,228.3,4599440471
558997,230.3,4599441003
558461,230.2,4599441539
558251,229.7,4599441749
557955,234.5,4599442045
557453,238.1,4599442547
556957,240.4,4599443043
556792,245.6,4599443208
556432,250.5,4599443568
556211,244,4599443789
555907,249.1,4599444093
555705,243,4599444295
555413,241,4599444587
554899,233.9,4599445101
554322,226.7,4599445678
553694,224.3,4599446306
553029,223.6,4599446971
552318,220.3,4599447682
552047,222.1,4599447953
551520,226.3,4599448480
551192,222.3,4599448808
550705,221.7,4599449295
549898,219.9,4599450102
549001,215.2,4599450999
548040,213.6,4599451960
547641,208.8,4599452359
547081,202.5,4599452919
546024,204.6,4599453976
544872,209.7,4599455128
543744,209.6,4599456256
542570,210.3,4599457430
541413,208.1,4599458587
540222,203.6,4599459778
539027,205,4599460973
537838,211.2,4599462162
536690,212.9,4599463310
535551,206.4,4599464449
534432,205,4599465568
533314,199.4,4599466686
532187,199.8,4599467813
531730,190.5,4599468270
531103,193.8,4599468897
530753,195.1,4599469247
530084,200,4599469916
529708,204.4,4599470292
529169,211.4,4599470831
528815,214.5,4599471185
528330,220.7,4599471670
527522,220.3,4599472478
526729,221.2,4599473271
525976,222.7,4599474024
525232,224.7,4599474768
524477,227.8,4599475523
523734,230.3,4599476266
522991,233.7,4599477009
522284,235.8,4599477716
521620,236.8,4599478380
520960,241.9,4599479040
519033,243.5,4599480967
518402,245.5,4599481598
517774,247.7,4599482226
517137,245.3,4599482863
516485,245.5,4599483515
515839,246.2,4599484161
515181,247.2,4599484819
514497,243,4599485503
513792,241.5,4599486208
513065,239.2,4599486935
512337,238.2,4599487663
511583,242,4599488417
510833,235.2,4599489167
510076,236.4,4599489924
509315,233.4,4599490685
508544,240.3,4599491456
507782,237,4599492218
507079,238.2,4599492921
506355,236,4599493645
505584,235.5,4599494416
504845,233.9,4599495155
504151,234.1,4599495849
503443,232.2,4599496557
502693,232,4599497307
501934,231.2,4599498066
501198,230.8,4599498802
500431,228.2,4599499569
499678,230.8,4599500322
498933,230.6,4599501067
498172,232.8,4599501828
497434,236.5,4599502566
496676,236.4,4599503324
495921,237.6,4599504079
495153,238.5,4599504847
494379,238.3,4599505621
493575,239.1,4599506425
492806,239.7,4599507194
492027,243.7,4599507973
491259,246.7,4599508741
490513,243.3,4599509487
489790,242.6,4599510210
489543,249.3,4599510457
489064,252.8,4599510936
488757,240.9,4599511243
488336,242,4599511664
487609,237.1,4599512391
486884,231.3,4599513116
486111,232.9,4599513889
485344,233,4599514656
484533,231.2,4599515467
483717,231.4,4599516283
482871,231.4,4599517129
482000,227.3,4599518000
481103,223.4,4599518897
480176,223.8,4599519824
479212,218.8,4599520788
478789,220.8,4599521211
478192,231.3,4599521808
477787,236.5,4599522213
477230,239.1,4599522770
476308,236.6,4599523692
475286,232.8,4599524714
474230,233.1,4599525770
473170,241.2,4599526830
472163,245.6,4599527837
471831,243.9,4599528169
471114,243.7,4599528886
470665,232.7,4599529335
470009,229.2,4599529991
469538,218.7,4599530462
468878,215.5,4599531122
468391,206.5,4599531609
467670,205.5,4599532330
466333,203.4,4599533667
464934,204.4,4599535066
463524,208.1,4599536476
462201,210,4599537799
461755,205.2,4599538245
460860,199.9,4599539140
459498,194.4,4599540502
458117,190.7,4599541883
456659,195.5,4599543341
455347,202.4,4599544653
454091,208.3,4599545909
453582,203.3,4599546418
452863,204.3,4599547137
452351,199.1,4599547649
451661,192.5,4599548339
450523,193.3,4599549477
449312,198.4,4599550688
448171,201.9,4599551829
447052,204.9,4599552948
445897,201.2,4599554103
444718,201.7,4599555282
443630,208.1,4599556370
442479,203.5,4599557521
441288,201.1,4599558712
439633,199.1,4599560367
438424,202,4599561576
437220,201.3,4599562780
436057,201.7,4599563943
434872,200.3,4599565128
433742,207.5,4599566258
432667,209.8,4599567333
431513,207.6,4599568487
431131,211.5,4599568869
429944,227.2,4599570056
429074,219.7,4599570926
427634,242.5,4599572366
427353,248.2,4599572647
426666,252.1,4599573334
426043,255.3,4599573957
425637,265.4,4599574363
425310,270,4599574690
424908,270.8,4599575092
424400,268.3,4599575600
423832,267.7,4599576168
422717,270.6,4599577283
422142,266.4,4599577858
421552,268.6,4599578448
420418,273.8,4599579582
419876,271.2,4599580124
419328,273.7,4599580672
418313,274.6,4599581687
417766,271.8,4599582234
417259,273.4,4599582741
416261,271.7,4599583739
415785,276.4,4599584215
415031,271.6,4599584969
414016,264.9,4599585984
413030,274.9,4599586970
411139,283.5,4599588861
410274,282.6,4599589726
409451,275.2,4599590549
408668,284.5,4599591332
407161,285.6,4599592839
406436,279.6,4599593564
404995,280.5,4599595005
404249,276.5,4599595751
402799,275.7,4599597201
402068,283.1,4599597932
400572,283.2,4599599428
399790,277.1,4599600210
398154,276.3,4599601846
394628,260.7,4599605372
393647,273.6,4599606353
392612,259.5,4599607388
391964,266.3,4599608036
390014,250.1,4599609986
388130,255.2,4599611870
386212,259.2,4599613788
385466,264.6,4599614534
384602,258.1,4599615398
382738,245.8,4599617262
381200,246.8,4599618800
379764,239.1,4599620236
378164,240,4599621836
376636,227,4599623364
372714,229.6,4599627286
371158,224.6,4599628842
369514,214.7,4599630486
367924,199.9,4599632076
366303,201.9,4599633697
363453,206.3,4599636547
361025,201.2,4599638975
358780,185.8,4599641220
356966,186.1,4599643034
355370,193,4599644630
352343,209.2,4599647657
350993,209.4,4599649007
349756,216.2,4599650244
348366,221.1,4599651634
346048,220.3,4599653952
344514,211.9,4599655486
343350,204.8,4599656650
341870,205.2,4599658130
340524,200.7,4599659476
339366,250.1,4599660634
337459,234.2,4599662541
336793,239.6,4599663207
335986,241.9,4599664014
335355,255.7,4599664645
334816,270.5,4599665184
334329,278.6,4599665671
333958,285.8,4599666042
333448,278.1,4599666552
332987,298.6,4599667013
332530,288.4,4599667470
332353,289.1,4599667647
332012,282.4,4599667988
331506,273.1,4599668494
330808,272.6,4599669192
330276,271.7,4599669724
329543,265,4599670457
328289,275.1,4599671711
327658,271.9,4599672342
327040,270.1,4599672960
326389,266.1,4599673611
325788,264,4599674212
325039,266.2,4599674961
324348,260.5,4599675652
323594,260.3,4599676406
322835,260.4,4599677165
322083,257.2,4599677917
320426,249.2,4599679574
319548,255.8,4599680452
318627,233.4,4599681373
317802,245.2,4599682198
316965,251.6,4599683035
316268,272.6,4599683732
315640,246.8,4599684360
314935,257.1,4599685065
314212,256.7,4599685788
313482,251.6,4599686518
312744,241.9,4599687256
311936,239,4599688064
311081,237.8,4599688919
310236,233.2,4599689764
309457,226.2,4599690543
308812,227.8,4599691188
307563,225.8,4599692437
306615,244.8,4599693385
305723,248.6,4599694277
304969,250.2,4599695031
304300,240.7,4599695700
303294,240.2,4599696706
302348,236,4599697652
301470,239,4599698530
300540,236.1,4599699460
299689,231,4599700311
298809,224.4,4599701191
297989,217.1,4599702011
295998,213.1,4599704002
294636,212.7,4599705364
293847,206.7,4599706153
293125,206,4599706875
292473,207.6,4599707527
291435,217.1,4599708565
290798,220.4,4599709202
290221,234.9,4599709779
288301,231,4599711699
287606,230.4,4599712394
287104,231.4,4599712896
286196,226.4,4599713804
285448,228,4599714552
283853,231.3,4599716147
281826,223.7,4599718174
280337,215.3,4599719663
279388,211,4599720612
278418,204.5,4599721582
277429,202.2,4599722571
276394,193.2,4599723606
275418,198.4,4599724582
274389,194.1,4599725611
273378,193.9,4599726622
272379,190.4,4599727621
271324,184.7,4599728676
270290,198.8,4599729710
269222,194.2,4599730778
268249,187.2,4599731751
267510,188.7,4599732490
266394,211.7,4599733606
265721,199.9,4599734279
264577,228.1,4599735423
262998,214.6,4599737002
262160,208.9,4599737840
260984,205.7,4599739016
260421,209.6,4599739579
258729,203.9,4599741271
257168,204,4599742832
256377,201.9,4599743623
255566,199,4599744434
253704,195.4,4599746296
252807,196.7,4599747193
251932,195.4,4599748068
251073,213.9,4599748927
250201,200.2,4599749799
247749,214.7,4599752251
245509,219.4,4599754491
244932,230.4,4599755068
244415,236.7,4599755585
243924,249.9,4599756076
243497,252.3,4599756503
243139,263.7,4599756861
242414,280.2,4599757586
242075,279,4599757925
241434,263.2,4599758566
241013,259.7,4599758987
240041,252.8,4599759959
239545,247.4,4599760455
239081,245.8,4599760919
238626,245.6,4599761374
237936,239.1,4599762064
237362,243.1,4599762638
236802,247.4,4599763198
236182,241.4,4599763818
235548,252.1,4599764452
234885,245.2,4599765115
231134,241.6,4599768866
230490,233.9,4599769510
229491,232.4,4599770509
227844,224.5,4599772156
227095,233.1,4599772905
226779,234.5,4599773221
225977,235.5,4599774023
224991,215.7,4599775009
224337,203.3,4599775663
222098,205.6,4599777902
220807,208.8,4599779193
220126,207.1,4599779874
219184,216.1,4599780816
218429,214.1,4599781571
216420,240.5,4599783580
215450,245.3,4599784550
214862,251.1,4599785138
214527,251.7,4599785473
214052,247.5,4599785948
213604,242.6,4599786396
213338,240.3,4599786662
212784,241.4,4599787216
211926,251.2,4599788074
210881,243.4,4599789119
210222,257.4,4599789778
209885,239.5,4599790115
209500,246.9,4599790500
209063,252,4599790937
208871,247.2,4599791129
208322,243.9,4599791678
208132,244.6,4599791868
207612,242.2,4599792388
207188,240.5,4599792812
206878,230,4599793122
206212,237.2,4599793788
206020,238.1,4599793980
205430,231.4,4599794570
204976,229.4,4599795024
204548,226.3,4599795452
203905,228.6,4599796095
203385,232.2,4599796615
202942,231.9,4599797058
202481,244.4,4599797519
201231,247.6,4599798769
199986,239.1,4599800014
199040,250.9,4599800960
196247,242.6,4599803753
195741,241.2,4599804259
195085,226.4,4599804915
193549,220,4599806451
192978,226.5,4599807022
190420,218,4599809580
189144,220.3,4599810856
188504,231.4,4599811496
186765,231.3,4599813235
184753,210.7,4599815247
182114,203.4,4599817886
180136,199.7,4599819864
179185,198.1,4599820815
178247,217.7,4599821753
177207,213.2,4599822793
175374,207.7,4599824626
173462,190.1,4599826538
173203,189.4,4599826797
172502,190.3,4599827498
171419,196,4599828581
169560,197.7,4599830440
167251,197.8,4599832749
164507,196.6,4599835493
163766,183.8,4599836234
163092,186.7,4599836908
162296,190.1,4599837704
161747,191.6,4599838253
160011,196.5,4599839989
159630,204.3,4599840370
155881,187.5,4599844119
155463,185.5,4599844537
154548,189,4599845452
151491,200.6,4599848509
149989,188.9,4599850011
149871,191.9,4599850129
148899,203,4599851101
145431,196.9,4599854569
142126,190.4,4599857874
141028,196.4,4599858972
140967,195.6,4599859033
139685,196.5,4599860315
139343,192.3,4599860657
138253,190.2,4599861747
138050,194.2,4599861950
137701,193.4,4599862299
137361,194.3,4599862639
136723,201.1,4599863277
136635,195.8,4599863365
136319,202.4,4599863681
136079,200.7,4599863921
135951,201.7,4599864049
135671,198,4599864329
135275,198,4599864725
135182,200.4,4599864818
135028,204.5,4599864972
134355,203.7,4599865645
134191,208.9,4599865809
133495,210.6,4599866505
133173,220.3,4599866827
133137,223.9,4599866863
132560,223.5,4599867440
131796,228.9,4599868204
131523,240.4,4599868477
131397,245,4599868603
129804,259,4599870196
129720,257.9,4599870280
129408,263.4,4599870592
129214,264.1,4599870786
128934,282.6,4599871066
128677,286.8,4599871323
128440,287.1,4599871560
128412,274,4599871588
127975,275.6,4599872025
127690,275.3,4599872310
127200,262.6,4599872800
126954,262.5,4599873046
126666,267.1,4599873334
126415,273.7,4599873585
125502,277.1,4599874498
125330,273,4599874670
125149,279.7,4599874851
124857,266.3,4599875143
124325,266.6,4599875675
124281,268.7,4599875719
123138,276.4,4599876862
122412,272.1,4599877588
121085,277.6,4599878915
120450,265.2,4599879550
119740,271.9,4599880260
118717,273.7,4599881283
117818,267.6,4599882182
116569,262.5,4599883431
115186,273.2,4599884814
114669,274.5,4599885331
114164,261.4,4599885836
113330,266.3,4599886670
111930,256.7,4599888070
109872,251.2,4599890128
108221,245.6,4599891779
107647,238.2,4599892353
105704,230.6,4599894296
104772,236.9,4599895228
103533,228.1,4599896467
101817,236.9,4599898183
100905,230.8,4599899095
99917,225.8,4599900083
94421,232,4599905579
91317,228.3,4599908683
90425,224.2,4599909575
87985,208,4599912015
86249,217,4599913751
85088,214.2,4599914912
84084,228,4599915916
83401,236.4,4599916599
82485,241.1,4599917515
80682,230.9,4599919318
78251,221.7,4599921749
77218,217.1,4599922782
73295,229.1,4599926705
71117,227.3,4599928883
66007,194.9,4599933993
65007,191.4,4599934993
62927,195.3,4599937073
57725,210.4,4599942275
57156,221.7,4599942844
52450,190.4,4599947550
50731,215.7,4599949269
49758,210.1,4599950242
48922,188.4,4599951078
47404,189.3,4599952596
43568,209.1,4599956432
37539,209.1,4599962461
35077,205.3,4599964923
30088,191.7,4599969912
29131,188.5,4599970869
26062,191.6,4599973938
22895,189.2,4599977105
22083,184.4,4599977917
21922,185.7,4599978078
21575,186.1,4599978425
21325,184.7,4599978675
21079,186.5,4599978921
20816,186.9,4599979184
20570,187.8,4599979430
20265,195,4599979735
20236,188.2,4599979764
20056,188,4599979944
19816,190,4599980184
19577,188.8,4599980423
19415,188.7,4599980585
18989,188.3,4599981011
18936,192.3,4599981064
18896,189.4,4599981104
18609,188.6,4599981391
18353,187,4599981647
18011,189.2,4599981989
17877,188.5,4599982123
17633,188.5,4599982367
17443,191,4599982557
17179,193.9,4599982821
16938,195.2,4599983062
16727,200.8,4599983273
16520,202.9,4599983480
16328,207.7,4599983672
16141,207.5,4599983859
15954,214,4599984046
15810,219.4,4599984190
15638,220.9,4599984362
15506,221,4599984494
15301,222,4599984699
15080,224.5,4599984920
14958,225.2,4599985042
14793,226.1,4599985207
14618,228.4,4599985382
14371,228.5,4599985629
14016,239.1,4599985984
13872,238.6,4599986128
13721,238.6,4599986279
13610,239.2,4599986390
13508,236.4,4599986492
13309,237.6,4599986691
13158,237.9,4599986842
13010,237.3,4599986990
12828,238.3,4599987172
12710,234.2,4599987290
12564,237.6,4599987436
12439,237.5,4599987561
12190,240.3,4599987810
12118,243.2,4599987882
12026,246.6,4599987974
11964,245.3,4599988036
11887,245.3,4599988113
11795,250.7,4599988205
11744,251.1,4599988256
11703,249.7,4599988297
11648,250.7,4599988352
11537,253.8,4599988463
11504,253.9,4599988496
11460,255.4,4599988540
11406,260.8,4599988594
11346,258.8,4599988654
11304,265.2,4599988696
11269,263,4599988731
11204,264,4599988796
11155,264.5,4599988845
11082,264.2,4599988918
11001,264.1,4599988999
10963,264.4,4599989037
10895,265.3,4599989105
10873,265,4599989127
10812,264.8,4599989188
10689,264.8,4599989311
10595,267.6,4599989405
10485,265.1,4599989515
10362,266,4599989638
10277,266.9,4599989723
10156,267.5,4599989844
10051,264.9,4599989949
9977,265.7,4599990023
9875,263.4,4599990125
9789,264,4599990211
9665,264.2,4599990335
9604,264.4,4599990396
9385,263.8,4599990615
9300,263,4599990700
9208,260.9,4599990792
9160,260.6,4599990840
9041,265.2,4599990959
8937,263.8,4599991063
8852,263.7,4599991148
8721,262,4599991279
8647,259.3,4599991353
8545,260.4,4599991455
8455,260.9,4599991545
8349,259,4599991651
8249,261.8,4599991751
8118,260.7,4599991882
8058,261.3,4599991942
7944,258.3,4599992056
7849,259.3,4599992151
7759,259.6,4599992241
7658,260.8,4599992342
7575,259.2,4599992425
7481,259.7,4599992519
7388,260.4,4599992612
7302,260.1,4599992698
7180,258.4,4599992820
7096,260.7,4599992904
7009,263,4599992991
6906,262.3,4599993094
6781,257.6,4599993219
6685,258.1,4599993315
6613,262.9,4599993387
6502,262.1,4599993498
6422,259.4,4599993578
6331,261.1,4599993669
6199,261.2,4599993801
6107,262.7,4599993893
6066,263.2,4599993934
5923,265.5,4599994077
5784,266.7,4599994216
5725,260.7,4599994275
5630,265.5,4599994370
5544,265.9,4599994456
5438,267.6,4599994562
5342,265.2,4599994658
5228,265.3,4599994772
5162,267.6,4599994838
5072,269.8,4599994928
4942,268.6,4599995058
4834,269.3,4599995166
4771,270.7,4599995229
4641,271.5,4599995359
4548,269.8,4599995452
4442,269.1,4599995558
4392,271.1,4599995608
4229,271.5,4599995771
4164,272.8,4599995836
4072,271.6,4599995928
3978,271.7,4599996022
3858,274.9,4599996142
3789,275.4,4599996211
3690,271.5,4599996310
3591,273,4599996409
3521,273.4,4599996479
3404,275,4599996596
3283,274,4599996717
3184,273.1,4599996816
3121,276.3,4599996879
2970,274.6,4599997030
2874,276.3,4599997126
2796,274.7,4599997204
2672,275.3,4599997328
2604,278.9,4599997396
2501,273.9,4599997499
2402,277.9,4599997598
2280,277.6,4599997720
2196,276.7,4599997804
2125,276.7,4599997875
1999,276.9,4599998001
1880,278,4599998120
1801,278.7,4599998199
1706,278.9,4599998294
1620,280,4599998380
1521,279.2,4599998479
1418,277.4,4599998582
1301,278.7,4599998699
1221,277.7,4599998779
1128,279.1,4599998872
1018,276.6,4599998982
1008,279.5,4599998992
1003,279.6,4599998997
998,279.7,4599999002
993,279.8,4599999007
988,279.9,4599999012
983,280,4599999017
978,280.2,4599999022
973,280.3,4599999027
968,280.5,4599999032
963,280.7,4599999037
958,280.9,4599999042
953,281.1,4599999047
948,281.3,4599999052
943,281.5,4599999057
938,281.7,4599999062
933,281.9,4599999067
928,282.1,4599999072
923,282.3,4599999077
918,282.5,4599999082
913,282.7,4599999087
908,282.9,4599999092
903,283,4599999097
898,283.2,4599999102
893,283.3,4599999107
888,283.5,4599999112
883,283.6,4599999117
878,283.7,4599999122
873,283.8,4599999127
868,283.9,4599999132
863,284,4599999137
858,284,4599999142
853,284.1,4599999147
848,284.1,4599999152
843,284.1,4599999157
838,284,4599999162
833,284,4599999167
828,283.9,4599999172
823,283.8,4599999177
818,283.6,4599999182
813,283.4,4599999187
808,283.2,4599999192
803,283,4599999197
798,282.8,4599999202
793,282.5,4599999207
788,282.3,4599999212
783,282.2,4599999217
778,282,4599999222
773,281.9,4599999227
768,281.9,4599999232
763,281.9,4599999237
758,282,4599999242
753,282.1,4599999247
748,282.2,4599999252
743,282.3,4599999257
738,282.5,4599999262
733,282.6,4599999267
728,282.8,4599999272
723,282.9,4599999277
718,283,4599999282
713,283.1,4599999287
708,283.2,4599999292
703,283.3,4599999297
698,283.3,4599999302
693,283.2,4599999307
688,283.1,4599999312
683,282.9,4599999317
678,282.7,4599999322
673,282.4,4599999327
668,282.1,4599999332
663,281.8,4599999337
658,281.5,4599999342
653,281.2,4599999347
648,281,4599999352
643,280.7,4599999357
638,280.5,4599999362
633,280.4,4599999367
628,280.3,4599999372
623,280.3,4599999377
618,280.3,4599999382
613,280.4,4599999387
608,280.5,4599999392
603,280.6,4599999397
598,280.7,4599999402
593,280.8,4599999407
588,280.9,4599999412
583,280.9,4599999417
578,280.9,4599999422
573,280.9,4599999427
568,280.8,4599999432
563,280.7,4599999437
558,280.6,4599999442
553,280.6,4599999447
548,280.6,4599999452
543,280.8,4599999457
538,281,4599999462
533,281.3,4599999467
528,281.6,4599999472
523,281.9,4599999477
518,282.2,4599999482
513,282.5,4599999487
508,282.7,4599999492
503,282.9,4599999497
498,283.1,4599999502
493,283.2,4599999507
488,283.2,4599999512
483,283.2,4599999517
478,283.1,4599999522
473,283,4599999527
468,282.8,4599999532
463,282.6,4599999537
458,282.2,4599999542
453,281.8,4599999547
448,281.2,4599999552
443,280.5,4599999557
438,279.7,4599999562
433,278.8,4599999567
428,278,4599999572
423,277.1,4599999577
418,276.4,4599999582
413,275.8,4599999587
408,275.5,4599999592
403,275.3,4599999597
398,275.3,4599999602
393,275.4,4599999607
388,275.6,4599999612
383,275.9,4599999617
378,276.1,4599999622
373,276.3,4599999627
368,276.4,4599999632
363,276.5,4599999637
358,276.5,4599999642
353,276.5,4599999647
348,276.4,4599999652
343,276.4,4599999657
338,276.4,4599999662
333,276.4,4599999667
328,276.5,4599999672
323,276.6,4599999677
318,276.7,4599999682
313,276.8,4599999687
308,276.9,4599999692
303,277,4599999697
298,277,4599999702
293,277,4599999707
288,277,4599999712
283,276.9,4599999717
278,276.9,4599999722
273,276.9,4599999727
268,277,4599999732
263,277.2,4599999737
258,277.6,4599999742
253,278,4599999747
248,278.6,4599999752
243,279.3,4599999757
238,280.1,4599999762
233,280.8,4599999767
228,281.6,4599999772
223,282.3,4599999777
218,282.9,4599999782
213,283.4,4599999787
208,283.8,4599999792
203,284,4599999797
198,284.2,4599999802
193,284.3,4599999807
188,284.4,4599999812
186,284.3,4599999814
185,284.1,4599999815
184,284,4599999816
183,283.8,4599999817
182,283.7,4599999818
181,283.5,4599999819
180,283.4,4599999820
179,283.4,4599999821
178,283.4,4599999822
177,283.4,4599999823
176,283.5,4599999824
175,283.6,4599999825
174,283.7,4599999826
173,283.9,4599999827
172,284.1,4599999828
171,284.2,4599999829
170,284.4,4599999830
169,284.6,4599999831
168,284.7,4599999832
167,284.9,4599999833
166,285,4599999834
165,285.1,4599999835
164,285.3,4599999836
163,285.4,4599999837
162,285.6,4599999838
161,285.7,4599999839
160,285.9,4599999840
159,286.1,4599999841
158,286.2,4599999842
157,286.4,4599999843
156,286.5,4599999844
155,286.6,4599999845
154,286.8,4599999846
153,286.9,4599999847
152,287,4599999848
151,287.1,4599999849
150,287.2,4599999850
149,287.4,4599999851
148,287.5,4599999852
147,287.7,4599999853
146,287.9,4599999854
145,288.1,4599999855
144,288.4,4599999856
143,288.7,4599999857
142,289,4599999858
141,289.4,4599999859
140,289.8,4599999860
139,290.2,4599999861
138,290.7,4599999862
137,291.2,4599999863
136,291.7,4599999864
135,292.1,4599999865
134,292.6,4599999866
133,293,4599999867
132,293.3,4599999868
131,293.6,4599999869
130,293.8,4599999870
129,294,4599999871
128,294.2,4599999872
127,294.3,4599999873
126,294.5,4599999874
125,294.6,4599999875
124,294.7,4599999876
123,294.8,4599999877
122,294.9,4599999878
121,295,4599999879
120,295.2,4599999880
119,295.5,4599999881
118,295.8,4599999882
117,296.1,4599999883
116,296.5,4599999884
115,296.8,4599999885
114,297.2,4599999886
113,297.6,4599999887
112,298.1,4599999888
111,298.5,4599999889
110,298.9,4599999890
109,299.3,4599999891
108,299.7,4599999892
107,300.1,4599999893
106,300.4,4599999894
105,300.8,4599999895
104,301.1,4599999896
103,301.4,4599999897
102,301.7,4599999898
101,302.1,4599999899
100,302.4,4599999900
99,302.7,4599999901
98,303,4599999902
97,303.4,4599999903
96,303.8,4599999904
95,304.1,4599999905
94,304.5,4599999906
93,305,4599999907
92,305.4,4599999908
91,305.8,4599999909
90,306.3,4599999910
89,306.8,4599999911
88,307.2,4599999912
87,307.7,4599999913
86,308.2,4599999914
85,308.6,4599999915
84,309,4599999916
83,309.4,4599999917
82,309.8,4599999918
81,310,4599999919
80,310.2,4599999920
79,310.3,4599999921
78,310.4,4599999922
77,310.4,4599999923
76,310.3,4599999924
75,310.2,4599999925
74,310.1,4599999926
73,310.1,4599999927
72,310.1,4599999928
71,310.2,4599999929
70,310.3,4599999930
69,310.5,4599999931
68,310.7,4599999932
67,311.1,4599999933
66,311.5,4599999934
65,311.9,4599999935
64,312.4,4599999936
63,313,4599999937
62,313.6,4599999938
61,314.2,4599999939
60,314.9,4599999940
59,315.97,4599999941
58,316.91,4599999942
57,317.64,4599999943
56,318.45,4599999944
55,318.99,4599999945
54,319.62,4599999946
53,320.04,4599999947
52,321.38,4599999948
51,322.16,4599999949
50,323.04,4599999950
49,324.62,4599999951
48,325.68,4599999952
47,326.32,4599999953
46,327.45,4599999954
45,329.68,4599999955
44,330.18,4599999956
43,331.11,4599999957
42,332.04,4599999958
41,333.83,4599999959
40,335.4,4599999960
39,336.84,4599999961
38,338.75,4599999962
37,340.11,4599999963
36,341.45,4599999964
35,343.05,4599999965
34,344.65,4599999966
33,346.12,4599999967
32,347.42,4599999968
31,349.19,4599999969
30,351.57,4599999970
29,353.12,4599999971
28,354.39,4599999972
27,355.61,4599999973
26,356.45,4599999974
25,357.1,4599999975
24,358.83,4599999976
23,360.82,4599999977
22,362.61,4599999978
21,363.73,4599999979
20,366.7,4599999980
19,368.38,4599999981
18,369.55,4599999982
17,371.14,4599999983
16,373.28,4599999984
15,375.8,4599999985
14,377.52,4599999986
13,379.8,4599999987
12,381.9,4599999988
11,383.79,4599999989
10,385.6,4599999990
9,387.43,4599999991
8,389.9,4599999992
7,391.65,4599999993
6,393.85,4599999994
5,396.52,4599999995
4,398.65,4599999996
3,400.83,4599999997
2,404.21,4599999998
1,406.53,4599999999
3.17098e-08,415.79,4.6e+09
