"Time_ka","Benthic_d18O_per.mil","Standard_error_per.mil","yearsElapsed"
0,3.23,0.03,4.6e+09
1,3.23,0.04,4599999000
2,3.18,0.03,4599998000
3,3.29,0.03,4599997000
4,3.3,0.03,4599996000
5,3.26,0.03,4599995000
6,3.33,0.04,4599994000
7,3.37,0.04,4599993000
8,3.42,0.03,4599992000
9,3.38,0.04,4599991000
10,3.52,0.04,4599990000
11,3.6,0.04,4599989000
12,3.92,0.05,4599988000
13,4.06,0.04,4599987000
14,4.28,0.03,4599986000
15,4.49,0.04,4599985000
16,4.75,0.03,4599984000
17,4.88,0.04,4599983000
18,5.02,0.03,4599982000
19,4.96,0.03,4599981000
20,4.99,0.04,4599980000
21,4.91,0.03,4599979000
22,4.88,0.03,4599978000
23,4.86,0.03,4599977000
24,4.81,0.04,4599976000
25,4.82,0.02,4599975000
26,4.67,0.04,4599974000
27,4.75,0.04,4599973000
28,4.75,0.03,4599972000
29,4.73,0.03,4599971000
30,4.62,0.04,4599970000
31,4.62,0.03,4599969000
32,4.6,0.03,4599968000
33,4.58,0.03,4599967000
34,4.59,0.03,4599966000
35,4.54,0.02,4599965000
36,4.45,0.03,4599964000
37,4.46,0.03,4599963000
38,4.41,0.03,4599962000
39,4.55,0.03,4599961000
40,4.55,0.03,4599960000
41,4.51,0.05,4599959000
42,4.5,0.03,4599958000
43,4.46,0.04,4599957000
44,4.48,0.03,4599956000
45,4.33,0.04,4599955000
46,4.36,0.05,4599954000
47,4.38,0.04,4599953000
48,4.45,0.04,4599952000
49,4.46,0.03,4599951000
50,4.34,0.04,4599950000
51,4.33,0.05,4599949000
52,4.31,0.04,4599948000
53,4.44,0.03,4599947000
54,4.38,0.04,4599946000
55,4.31,0.03,4599945000
56,4.35,0.04,4599944000
57,4.43,0.04,4599943000
58,4.49,0.06,4599942000
59,4.43,0.04,4599941000
60,4.6,0.04,4599940000
61,4.51,0.05,4599939000
62,4.6,0.04,4599938000
63,4.53,0.04,4599937000
64,4.36,0.06,4599936000
65,4.48,0.05,4599935000
66,4.57,0.04,4599934000
67,4.44,0.05,4599933000
68,4.42,0.06,4599932000
69,4.47,0.05,4599931000
70,4.32,0.04,4599930000
71,4.22,0.05,4599929000
72,4.21,0.04,4599928000
73,4.23,0.04,4599927000
74,4.03,0.04,4599926000
75,3.95,0.04,4599925000
76,4.06,0.04,4599924000
77,4.08,0.05,4599923000
78,4.05,0.03,4599922000
79,4.05,0.05,4599921000
80,3.9,0.04,4599920000
81,3.82,0.04,4599919000
82,3.8,0.04,4599918000
83,3.83,0.04,4599917000
84,3.82,0.04,4599916000
85,3.95,0.06,4599915000
86,4.06,0.05,4599914000
87,4.18,0.05,4599913000
88,4.11,0.05,4599912000
89,4.08,0.04,4599911000
90,4.06,0.05,4599910000
91,4.03,0.04,4599909000
92,3.98,0.04,4599908000
93,3.9,0.03,4599907000
94,3.84,0.04,4599906000
95,3.77,0.05,4599905000
96,3.75,0.03,4599904000
97,3.83,0.04,4599903000
98,3.9,0.04,4599902000
99,3.78,0.06,4599901000
100,3.81,0.06,4599900000
101,3.92,0.05,4599899000
102,3.86,0.05,4599898000
103,3.88,0.04,4599897000
104,3.92,0.05,4599896000
105,3.85,0.06,4599895000
106,4,0.04,4599894000
107,4.04,0.05,4599893000
108,4.11,0.04,4599892000
109,4.12,0.05,4599891000
110,4.04,0.05,4599890000
111,4.02,0.05,4599889000
112,4.03,0.04,4599888000
113,3.93,0.05,4599887000
114,3.81,0.05,4599886000
115,3.71,0.04,4599885000
116,3.58,0.04,4599884000
117,3.54,0.05,4599883000
118,3.44,0.06,4599882000
119,3.3,0.03,4599881000
120,3.27,0.04,4599880000
121,3.26,0.04,4599879000
122,3.18,0.03,4599878000
123,3.1,0.05,4599877000
124,3.27,0.04,4599876000
125,3.14,0.06,4599875000
126,3.16,0.04,4599874000
127,3.37,0.05,4599873000
128,3.71,0.07,4599872000
129,3.9,0.08,4599871000
130,3.67,0.09,4599870000
131,3.81,0.09,4599869000
132,4.2,0.06,4599868000
133,4.41,0.05,4599867000
134,4.7,0.05,4599866000
135,4.86,0.04,4599865000
136,4.82,0.05,4599864000
137,4.8,0.05,4599863000
138,4.89,0.04,4599862000
139,4.87,0.05,4599861000
140,4.98,0.05,4599860000
141,4.81,0.05,4599859000
142,4.75,0.06,4599858000
143,4.78,0.05,4599857000
144,4.82,0.05,4599856000
145,4.74,0.05,4599855000
146,4.77,0.05,4599854000
147,4.82,0.05,4599853000
148,4.71,0.05,4599852000
149,4.75,0.04,4599851000
150,4.75,0.06,4599850000
151,4.66,0.06,4599849000
152,4.64,0.05,4599848000
153,4.62,0.04,4599847000
154,4.66,0.04,4599846000
155,4.51,0.04,4599845000
156,4.78,0.04,4599844000
157,4.74,0.04,4599843000
158,4.69,0.03,4599842000
159,4.66,0.05,4599841000
160,4.69,0.05,4599840000
161,4.65,0.04,4599839000
162,4.66,0.05,4599838000
163,4.7,0.06,4599837000
164,4.68,0.05,4599836000
165,4.68,0.05,4599835000
166,4.48,0.04,4599834000
167,4.41,0.06,4599833000
168,4.48,0.04,4599832000
169,4.5,0.04,4599831000
170,4.5,0.03,4599830000
171,4.53,0.04,4599829000
172,4.46,0.03,4599828000
173,4.38,0.03,4599827000
174,4.28,0.04,4599826000
175,4.32,0.05,4599825000
176,4.39,0.04,4599824000
177,4.46,0.04,4599823000
178,4.44,0.03,4599822000
179,4.48,0.05,4599821000
180,4.39,0.06,4599820000
181,4.46,0.03,4599819000
182,4.48,0.05,4599818000
183,4.37,0.04,4599817000
184,4.4,0.06,4599816000
185,4.59,0.06,4599815000
186,4.47,0.04,4599814000
187,4.4,0.05,4599813000
188,4.46,0.05,4599812000
189,4.39,0.04,4599811000
190,4.28,0.05,4599810000
191,4.13,0.05,4599809000
192,3.76,0.05,4599808000
193,3.92,0.05,4599807000
194,3.84,0.07,4599806000
195,3.91,0.05,4599805000
196,3.82,0.04,4599804000
197,3.74,0.06,4599803000
198,3.82,0.04,4599802000
199,3.57,0.05,4599801000
200,3.53,0.07,4599800000
201,3.53,0.03,4599799000
202,3.63,0.06,4599798000
203,3.61,0.07,4599797000
204,3.78,0.05,4599796000
205,3.82,0.06,4599795000
206,3.77,0.07,4599794000
207,3.78,0.08,4599793000
208,3.71,0.07,4599792000
209,3.64,0.06,4599791000
210,3.57,0.07,4599790000
211,3.6,0.06,4599789000
212,3.61,0.06,4599788000
213,3.65,0.06,4599787000
214,3.56,0.07,4599786000
215,3.54,0.05,4599785000
216,3.53,0.04,4599784000
217,3.48,0.09,4599783000
218,3.72,0.05,4599782000
219,3.94,0.05,4599781000
220,3.98,0.06,4599780000
221,4.23,0.06,4599779000
222,4.38,0.09,4599778000
223,4.44,0.07,4599777000
224,4.39,0.07,4599776000
225,4.28,0.06,4599775000
226,4.29,0.05,4599774000
227,4.19,0.05,4599773000
228,4.19,0.12,4599772000
229,4.02,0.08,4599771000
230,4.3,0.06,4599770000
231,4.22,0.07,4599769000
232,4.17,0.07,4599768000
233,3.97,0.06,4599767000
234,3.84,0.05,4599766000
235,3.71,0.06,4599765000
236,3.66,0.05,4599764000
237,3.47,0.04,4599763000
238,3.51,0.06,4599762000
239,3.44,0.04,4599761000
240,3.44,0.06,4599760000
241,3.54,0.08,4599759000
242,3.68,0.06,4599758000
243,3.78,0.08,4599757000
244,4.05,0.06,4599756000
245,4.17,0.06,4599755000
246,4.38,0.05,4599754000
247,4.31,0.04,4599753000
248,4.38,0.07,4599752000
249,4.36,0.05,4599751000
250,4.5,0.05,4599750000
251,4.58,0.04,4599749000
252,4.63,0.04,4599748000
253,4.52,0.06,4599747000
254,4.57,0.04,4599746000
255,4.37,0.05,4599745000
256,4.43,0.06,4599744000
257,4.55,0.05,4599743000
258,4.51,0.05,4599742000
259,4.52,0.04,4599741000
260,4.46,0.06,4599740000
261,4.52,0.03,4599739000
262,4.45,0.05,4599738000
263,4.46,0.05,4599737000
264,4.42,0.04,4599736000
265,4.44,0.05,4599735000
266,4.5,0.05,4599734000
267,4.5,0.05,4599733000
268,4.33,0.06,4599732000
269,4.52,0.06,4599731000
270,4.51,0.06,4599730000
271,4.5,0.05,4599729000
272,4.44,0.06,4599728000
273,4.44,0.03,4599727000
274,4.38,0.04,4599726000
275,4.38,0.05,4599725000
276,4.3,0.06,4599724000
277,4.44,0.05,4599723000
278,4.31,0.05,4599722000
279,4.23,0.07,4599721000
280,4.14,0.05,4599720000
281,4.21,0.04,4599719000
282,3.98,0.05,4599718000
283,3.87,0.06,4599717000
284,3.86,0.04,4599716000
285,3.84,0.04,4599715000
286,3.82,0.05,4599714000
287,3.89,0.04,4599713000
288,4.02,0.06,4599712000
289,4.06,0.05,4599711000
290,4.1,0.06,4599710000
291,4.11,0.04,4599709000
292,4.27,0.07,4599708000
293,4.22,0.06,4599707000
294,4.33,0.05,4599706000
295,4.31,0.03,4599705000
296,4.23,0.04,4599704000
297,4.3,0.06,4599703000
298,4.17,0.04,4599702000
299,4.23,0.04,4599701000
300,4.02,0.07,4599700000
301,4.06,0.07,4599699000
302,4.06,0.07,4599698000
303,4,0.06,4599697000
304,4.07,0.04,4599696000
305,4.07,0.07,4599695000
306,4.05,0.06,4599694000
307,4,0.04,4599693000
308,3.85,0.04,4599692000
309,3.86,0.06,4599691000
310,3.8,0.06,4599690000
311,3.7,0.04,4599689000
312,3.79,0.05,4599688000
313,3.69,0.06,4599687000
314,3.77,0.06,4599686000
315,3.62,0.06,4599685000
316,3.69,0.07,4599684000
317,3.89,0.05,4599683000
318,3.76,0.04,4599682000
319,3.58,0.05,4599681000
320,3.66,0.05,4599680000
321,3.53,0.05,4599679000
322,3.53,0.05,4599678000
323,3.47,0.05,4599677000
324,3.21,0.05,4599676000
325,3.31,0.04,4599675000
326,3.23,0.04,4599674000
327,3.22,0.04,4599673000
328,3.23,0.05,4599672000
329,3.19,0.04,4599671000
330,3.3,0.04,4599670000
331,3.29,0.06,4599669000
332,3.39,0.08,4599668000
333,3.38,0.07,4599667000
334,3.51,0.08,4599666000
335,3.75,0.08,4599665000
336,4.08,0.08,4599664000
337,4.23,0.08,4599663000
338,4.17,0.07,4599662000
339,4.42,0.07,4599661000
340,4.6,0.06,4599660000
341,4.84,0.06,4599659000
342,4.83,0.05,4599658000
343,4.8,0.07,4599657000
344,4.76,0.07,4599656000
345,4.79,0.05,4599655000
346,4.68,0.06,4599654000
347,4.53,0.07,4599653000
348,4.49,0.1,4599652000
349,4.62,0.04,4599651000
350,4.67,0.05,4599650000
351,4.64,0.05,4599649000
352,4.47,0.09,4599648000
353,4.47,0.05,4599647000
354,4.4,0.06,4599646000
355,4.59,0.04,4599645000
356,4.46,0.07,4599644000
357,4.55,0.07,4599643000
358,4.58,0.04,4599642000
359,4.49,0.08,4599641000
360,4.54,0.04,4599640000
361,4.5,0.06,4599639000
362,4.5,0.04,4599638000
363,4.53,0.05,4599637000
364,4.36,0.04,4599636000
365,4.46,0.05,4599635000
366,4.32,0.06,4599634000
367,4.37,0.04,4599633000
368,4.4,0.05,4599632000
369,4.38,0.04,4599631000
370,4.36,0.05,4599630000
371,4.27,0.05,4599629000
372,4.42,0.04,4599628000
373,4.29,0.07,4599627000
374,4.34,0.06,4599626000
375,4.2,0.05,4599625000
376,4.21,0.05,4599624000
377,4.2,0.04,4599623000
378,4.19,0.03,4599622000
379,4.17,0.05,4599621000
380,4.19,0.05,4599620000
381,4.15,0.03,4599619000
382,4.05,0.06,4599618000
383,4.12,0.03,4599617000
384,4.08,0.05,4599616000
385,4.14,0.03,4599615000
386,4.02,0.07,4599614000
387,3.99,0.04,4599613000
388,3.92,0.04,4599612000
389,3.89,0.04,4599611000
390,3.96,0.06,4599610000
391,4,0.05,4599609000
392,3.97,0.03,4599608000
393,3.86,0.05,4599607000
394,3.92,0.05,4599606000
395,3.76,0.05,4599605000
396,3.72,0.04,4599604000
397,3.47,0.09,4599603000
398,3.54,0.04,4599602000
399,3.48,0.06,4599601000
400,3.32,0.04,4599600000
401,3.2,0.05,4599599000
402,3.17,0.05,4599598000
403,3.15,0.04,4599597000
404,3.2,0.05,4599596000
405,3.11,0.04,4599595000
406,3.19,0.04,4599594000
407,3.21,0.05,4599593000
408,3.17,0.06,4599592000
409,3.22,0.06,4599591000
410,3.15,0.06,4599590000
411,3.29,0.05,4599589000
412,3.31,0.04,4599588000
413,3.38,0.03,4599587000
414,3.41,0.04,4599586000
415,3.41,0.05,4599585000
416,3.51,0.06,4599584000
417,3.57,0.05,4599583000
418,3.75,0.05,4599582000
419,3.81,0.03,4599581000
420,3.77,0.06,4599580000
421,3.85,0.07,4599579000
422,3.94,0.05,4599578000
423,4.02,0.07,4599577000
424,3.92,0.07,4599576000
425,4.3,0.14,4599575000
426,4.5,0.07,4599574000
427,4.3,0.1,4599573000
428,4.72,0.06,4599572000
429,4.91,0.07,4599571000
430,4.98,0.07,4599570000
431,5.05,0.05,4599569000
432,5.05,0.08,4599568000
433,5.08,0.05,4599567000
434,5.08,0.05,4599566000
435,5.02,0.1,4599565000
436,5.07,0.04,4599564000
437,4.9,0.08,4599563000
438,4.79,0.1,4599562000
439,4.87,0.06,4599561000
440,4.76,0.09,4599560000
441,4.95,0.07,4599559000
442,4.96,0.05,4599558000
443,4.91,0.04,4599557000
444,4.82,0.07,4599556000
445,4.91,0.05,4599555000
446,4.82,0.05,4599554000
447,4.51,0.08,4599553000
448,4.77,0.06,4599552000
449,4.73,0.06,4599551000
450,4.75,0.06,4599550000
451,4.58,0.06,4599549000
452,4.73,0.05,4599548000
453,4.56,0.09,4599547000
454,4.6,0.04,4599546000
455,4.41,0.09,4599545000
456,4.62,0.05,4599544000
457,4.63,0.08,4599543000
458,4.55,0.05,4599542000
459,4.63,0.06,4599541000
460,4.56,0.07,4599540000
461,4.59,0.04,4599539000
462,4.61,0.05,4599538000
463,4.61,0.05,4599537000
464,4.44,0.05,4599536000
465,4.57,0.04,4599535000
466,4.46,0.03,4599534000
467,4.44,0.06,4599533000
468,4.38,0.04,4599532000
469,4.51,0.04,4599531000
470,4.33,0.05,4599530000
471,4.25,0.07,4599529000
472,4.32,0.05,4599528000
473,4.36,0.05,4599527000
474,4.39,0.06,4599526000
475,4.35,0.03,4599525000
476,4.3,0.05,4599524000
477,4.27,0.03,4599523000
478,4.22,0.04,4599522000
479,4.12,0.04,4599521000
480,4.12,0.04,4599520000
481,4.17,0.05,4599519000
482,4.01,0.03,4599518000
483,3.97,0.03,4599517000
484,3.79,0.05,4599516000
485,3.81,0.07,4599515000
486,3.76,0.05,4599514000
487,3.72,0.06,4599513000
488,3.67,0.04,4599512000
489,3.6,0.04,4599511000
490,3.54,0.06,4599510000
491,3.47,0.07,4599509000
492,3.63,0.05,4599508000
493,3.72,0.04,4599507000
494,3.83,0.07,4599506000
495,3.83,0.07,4599505000
496,3.83,0.05,4599504000
497,3.68,0.06,4599503000
498,3.82,0.04,4599502000
499,3.75,0.06,4599501000
500,3.84,0.04,4599500000
501,3.78,0.05,4599499000
502,3.75,0.06,4599498000
503,3.81,0.04,4599497000
504,3.91,0.05,4599496000
505,3.86,0.07,4599495000
506,4.01,0.04,4599494000
507,3.93,0.07,4599493000
508,4.16,0.09,4599492000
509,4.06,0.04,4599491000
510,4.14,0.05,4599490000
511,4.06,0.06,4599489000
512,4.22,0.07,4599488000
513,4.25,0.03,4599487000
514,4.1,0.05,4599486000
515,4.1,0.06,4599485000
516,4.01,0.05,4599484000
517,3.96,0.08,4599483000
518,4.07,0.06,4599482000
519,3.96,0.05,4599481000
520,3.95,0.05,4599480000
521,3.91,0.08,4599479000
522,3.88,0.04,4599478000
523,3.93,0.05,4599477000
524,3.83,0.06,4599476000
525,3.92,0.06,4599475000
526,3.97,0.09,4599474000
527,3.96,0.07,4599473000
528,3.92,0.08,4599472000
529,3.99,0.05,4599471000
530,3.97,0.08,4599470000
531,3.92,0.07,4599469000
532,4.01,0.07,4599468000
533,4.11,0.07,4599467000
534,4.27,0.06,4599466000
535,4.29,0.07,4599465000
536,4.55,0.06,4599464000
537,4.43,0.06,4599463000
538,4.54,0.05,4599462000
539,4.48,0.08,4599461000
540,4.53,0.06,4599460000
541,4.5,0.06,4599459000
542,4.45,0.05,4599458000
543,4.45,0.09,4599457000
544,4.46,0.08,4599456000
545,4.43,0.05,4599455000
546,4.51,0.07,4599454000
547,4.53,0.07,4599453000
548,4.55,0.04,4599452000
549,4.53,0.05,4599451000
550,4.5,0.06,4599450000
551,4.45,0.07,4599449000
552,4.52,0.06,4599448000
553,4.46,0.05,4599447000
554,4.29,0.08,4599446000
555,4.25,0.05,4599445000
556,4.39,0.06,4599444000
557,4.35,0.04,4599443000
558,4.25,0.05,4599442000
559,4.17,0.05,4599441000
560,4.14,0.03,4599440000
561,4.21,0.05,4599439000
562,4.14,0.08,4599438000
563,4.17,0.06,4599437000
564,4.01,0.05,4599436000
565,3.96,0.03,4599435000
566,3.86,0.06,4599434000
567,3.94,0.04,4599433000
568,4,0.04,4599432000
569,3.97,0.07,4599431000
570,3.91,0.04,4599430000
571,3.89,0.06,4599429000
572,3.59,0.05,4599428000
573,3.65,0.05,4599427000
574,3.73,0.07,4599426000
575,3.39,0.06,4599425000
576,3.46,0.05,4599424000
577,3.48,0.04,4599423000
578,3.5,0.07,4599422000
579,3.57,0.06,4599421000
580,3.69,0.05,4599420000
581,4,0.06,4599419000
582,4.13,0.14,4599418000
583,4.29,0.1,4599417000
584,4.31,0.1,4599416000
585,4.33,0.07,4599415000
586,4.18,0.08,4599414000
587,4.11,0.13,4599413000
588,4.19,0.04,4599412000
589,4.07,0.08,4599411000
590,4.09,0.05,4599410000
591,4.07,0.04,4599409000
592,4.02,0.08,4599408000
593,3.99,0.09,4599407000
594,3.9,0.06,4599406000
595,3.88,0.08,4599405000
596,3.89,0.08,4599404000
597,3.8,0.07,4599403000
598,3.99,0.05,4599402000
599,4.02,0.07,4599401000
600,4.07,0,4599400000
602,3.97,0.05,4599398000
604,3.77,0.06,4599396000
606,3.8,0.07,4599394000
608,3.8,0.05,4599392000
610,3.49,0.04,4599390000
612,3.52,0.06,4599388000
614,3.53,0.05,4599386000
616,3.66,0.05,4599384000
618,3.81,0.08,4599382000
620,4.09,0.09,4599380000
622,4.31,0.08,4599378000
624,4.63,0.07,4599376000
626,4.9,0.06,4599374000
628,5.01,0.07,4599372000
630,5.08,0.06,4599370000
632,5.05,0.05,4599368000
634,4.93,0.06,4599366000
636,5,0.04,4599364000
638,4.8,0.05,4599362000
640,5.01,0.06,4599360000
642,4.75,0.05,4599358000
644,4.68,0.08,4599356000
646,4.72,0.05,4599354000
648,4.75,0.05,4599352000
650,4.71,0.06,4599350000
652,4.79,0.05,4599348000
654,4.77,0.05,4599346000
656,4.57,0.05,4599344000
658,4.58,0.04,4599342000
660,4.64,0.05,4599340000
662,4.8,0.07,4599338000
664,4.58,0.04,4599336000
666,4.5,0.05,4599334000
668,4.65,0.04,4599332000
670,4.42,0.05,4599330000
672,4.52,0.06,4599328000
674,4.46,0.04,4599326000
676,4.4,0.05,4599324000
678,4.26,0.05,4599322000
680,4.14,0.06,4599320000
682,4.15,0.06,4599318000
684,4.03,0.07,4599316000
686,4.13,0.05,4599314000
688,3.95,0.06,4599312000
690,3.7,0.05,4599310000
692,3.71,0.06,4599308000
694,3.64,0.06,4599306000
696,3.5,0.04,4599304000
698,3.57,0.04,4599302000
700,3.65,0.05,4599300000
702,3.76,0.05,4599298000
704,3.84,0.05,4599296000
706,3.93,0.05,4599294000
708,4.03,0.07,4599292000
710,3.98,0.07,4599290000
712,4.06,0.09,4599288000
714,4.29,0.06,4599286000
716,4.61,0.08,4599284000
718,4.75,0.07,4599282000
720,4.66,0.09,4599280000
722,4.65,0.06,4599278000
724,4.44,0.06,4599276000
726,4.32,0.05,4599274000
728,4.16,0.05,4599272000
730,4.16,0.04,4599270000
732,4.02,0.07,4599268000
734,4.15,0.04,4599266000
736,4.19,0.06,4599264000
738,4.21,0.06,4599262000
740,4.11,0.08,4599260000
742,4.17,0.05,4599258000
744,4.48,0.06,4599256000
746,4.67,0.11,4599254000
748,4.59,0.06,4599252000
750,4.6,0.07,4599250000
752,4.48,0.05,4599248000
754,4.55,0.06,4599246000
756,4.59,0.06,4599244000
758,4.26,0.06,4599242000
760,4.33,0.05,4599240000
762,4.11,0.06,4599238000
764,4.28,0.06,4599236000
766,4.11,0.06,4599234000
768,4.07,0.05,4599232000
770,3.99,0.05,4599230000
772,3.87,0.05,4599228000
774,3.76,0.05,4599226000
776,3.64,0.05,4599224000
778,3.56,0.04,4599222000
780,3.48,0.05,4599220000
782,3.54,0.05,4599218000
784,3.55,0.07,4599216000
786,3.68,0.05,4599214000
788,3.7,0.1,4599212000
790,4.16,0.06,4599210000
792,4.27,0.06,4599208000
794,4.74,0.09,4599206000
796,4.67,0.07,4599204000
798,4.68,0.08,4599202000
800,4.68,0.07,4599200000
802,4.73,0.06,4599198000
804,4.55,0.07,4599196000
806,4.53,0.04,4599194000
808,4.49,0.06,4599192000
810,4.31,0.05,4599190000
812,4.38,0.06,4599188000
814,4.12,0.05,4599186000
816,4.08,0.08,4599184000
818,3.9,0.07,4599182000
820,3.96,0.06,4599180000
822,3.9,0.05,4599178000
824,3.92,0.08,4599176000
826,4.11,0.06,4599174000
828,3.95,0.06,4599172000
830,4.04,0.05,4599170000
832,4.07,0.05,4599168000
834,3.95,0.06,4599166000
836,3.82,0.04,4599164000
838,3.99,0.06,4599162000
840,4.02,0.07,4599160000
842,3.81,0.05,4599158000
844,3.67,0.05,4599156000
846,3.58,0.04,4599154000
848,3.63,0.07,4599152000
850,3.5,0.04,4599150000
852,3.65,0.05,4599148000
854,3.63,0.05,4599146000
856,3.46,0.05,4599144000
858,3.42,0.05,4599142000
860,3.45,0.07,4599140000
862,3.68,0.09,4599138000
864,3.58,0.06,4599136000
866,4.06,0.07,4599134000
868,4.32,0.06,4599132000
870,4.51,0.07,4599130000
872,4.67,0.06,4599128000
874,4.68,0.07,4599126000
876,4.69,0.08,4599124000
878,4.59,0.08,4599122000
880,4.68,0.04,4599120000
882,4.42,0.07,4599118000
884,4.47,0.05,4599116000
886,4.47,0.07,4599114000
888,4.45,0.04,4599112000
890,4.39,0.06,4599110000
892,4.32,0.07,4599108000
894,4.41,0.07,4599106000
896,4.4,0.05,4599104000
898,4.33,0.04,4599102000
900,4.29,0.05,4599100000
902,4.17,0.04,4599098000
904,4.14,0.06,4599096000
906,4.12,0.04,4599094000
908,3.99,0.06,4599092000
910,3.99,0.05,4599090000
912,4.09,0.04,4599088000
914,4.03,0.05,4599086000
916,4.06,0.06,4599084000
918,4.37,0.06,4599082000
920,4.51,0.06,4599080000
922,4.55,0.06,4599078000
924,4.43,0.06,4599076000
926,4.38,0.04,4599074000
928,4.26,0.05,4599072000
930,4.1,0.05,4599070000
932,4.07,0.05,4599068000
934,3.98,0.06,4599066000
936,4.02,0.05,4599064000
938,3.86,0.04,4599062000
940,3.89,0.04,4599060000
942,3.69,0.04,4599058000
944,3.57,0.04,4599056000
946,3.63,0.06,4599054000
948,3.48,0.05,4599052000
950,3.44,0.04,4599050000
952,3.3,0.04,4599048000
954,3.39,0.07,4599046000
956,3.33,0.05,4599044000
958,3.73,0.08,4599042000
960,4.16,0.08,4599040000
962,4.42,0.06,4599038000
964,4.58,0.08,4599036000
966,4.3,0.05,4599034000
968,4.21,0.06,4599032000
970,4.09,0.05,4599030000
972,3.98,0.06,4599028000
974,3.87,0.05,4599026000
976,3.77,0.06,4599024000
978,3.72,0.05,4599022000
980,3.76,0.06,4599020000
982,3.99,0.07,4599018000
984,4.15,0.06,4599016000
986,4.24,0.07,4599014000
988,4.21,0.07,4599012000
990,4.11,0.05,4599010000
992,4.06,0.06,4599008000
994,3.94,0.05,4599006000
996,3.84,0.06,4599004000
998,3.84,0.04,4599002000
1000,3.94,0.06,4.599e+09
1002,4.15,0.07,4598998000
1004,4.28,0.08,4598996000
1006,4.22,0.07,4598994000
1008,4.22,0.05,4598992000
1010,4.12,0.06,4598990000
1012,4.13,0.07,4598988000
1014,3.99,0.06,4598986000
1016,3.73,0.05,4598984000
1018,3.78,0.04,4598982000
1020,3.83,0.05,4598980000
1022,3.57,0.08,4598978000
1024,3.64,0.05,4598976000
1026,3.87,0.06,4598974000
1028,3.84,0.06,4598972000
1030,3.95,0.08,4598970000
1032,4.08,0.04,4598968000
1034,4.36,0.05,4598966000
1036,4.33,0.07,4598964000
1038,4.54,0.09,4598962000
1040,4.33,0.08,4598960000
1042,4.23,0.09,4598958000
1044,4.38,0.06,4598956000
1046,4.22,0.06,4598954000
1048,4.29,0.07,4598952000
1050,4.18,0.05,4598950000
1052,4.27,0.06,4598948000
1054,4.25,0.06,4598946000
1056,4.12,0.06,4598944000
1058,4.23,0.06,4598942000
1060,4.08,0.04,4598940000
1062,3.94,0.06,4598938000
1064,3.66,0.07,4598936000
1066,3.48,0.05,4598934000
1068,3.33,0.05,4598932000
1070,3.34,0.05,4598930000
1072,3.21,0.08,4598928000
1074,3.42,0.06,4598926000
1076,3.48,0.06,4598924000
1078,3.54,0.04,4598922000
1080,3.61,0.04,4598920000
1082,3.81,0.06,4598918000
1084,3.7,0.07,4598916000
1086,3.89,0.04,4598914000
1088,3.91,0.05,4598912000
1090,3.95,0.05,4598910000
1092,4.01,0.04,4598908000
1094,4,0.06,4598906000
1096,4.03,0.04,4598904000
1098,4.29,0.05,4598902000
1100,4.08,0.07,4598900000
1102,4.03,0.06,4598898000
1104,3.93,0.06,4598896000
1106,3.83,0.05,4598894000
1108,3.67,0.06,4598892000
1110,3.85,0.06,4598890000
1112,3.84,0.05,4598888000
1114,4.12,0.05,4598886000
1116,4.14,0.05,4598884000
1118,4.2,0.05,4598882000
1120,4.09,0.08,4598880000
1122,4.47,0.06,4598878000
1124,4.34,0.09,4598876000
1126,4.5,0.03,4598874000
1128,4.38,0.06,4598872000
1130,4.32,0.08,4598870000
1132,4.05,0.07,4598868000
1134,4.22,0.06,4598866000
1136,4.24,0.05,4598864000
1138,4.02,0.04,4598862000
1140,4.02,0.06,4598860000
1142,3.97,0.06,4598858000
1144,3.99,0.05,4598856000
1146,3.86,0.04,4598854000
1148,4.02,0.06,4598852000
1150,3.82,0.05,4598850000
1152,3.75,0.05,4598848000
1154,3.76,0.04,4598846000
1156,3.79,0.04,4598844000
1158,3.68,0.05,4598842000
1160,3.6,0.06,4598840000
1162,3.6,0.05,4598838000
1164,3.66,0.06,4598836000
1166,3.53,0.05,4598834000
1168,3.56,0.05,4598832000
1170,3.6,0.07,4598830000
1172,3.73,0.05,4598828000
1174,3.76,0.06,4598826000
1176,3.74,0.06,4598824000
1178,3.8,0.04,4598822000
1180,3.6,0.06,4598820000
1182,3.84,0.04,4598818000
1184,3.65,0.05,4598816000
1186,3.77,0.05,4598814000
1188,3.67,0.08,4598812000
1190,4.05,0.03,4598810000
1192,4.14,0.08,4598808000
1194,4.27,0.06,4598806000
1196,4.28,0.07,4598804000
1198,4.43,0.06,4598802000
1200,4.42,0.06,4598800000
1202,4.2,0.09,4598798000
1204,4.34,0.06,4598796000
1206,4.16,0.07,4598794000
1208,4.32,0.06,4598792000
1210,4.2,0.07,4598790000
1212,4.08,0.07,4598788000
1214,4.1,0.06,4598786000
1216,3.82,0.09,4598784000
1218,3.73,0.11,4598782000
1220,3.97,0.07,4598780000
1222,3.94,0.07,4598778000
1224,3.74,0.06,4598776000
1226,3.63,0.09,4598774000
1228,3.55,0.08,4598772000
1230,3.42,0.06,4598770000
1232,3.41,0.05,4598768000
1234,3.34,0.1,4598766000
1236,3.38,0.07,4598764000
1238,3.35,0.07,4598762000
1240,3.33,0.05,4598760000
1242,3.47,0.1,4598758000
1244,3.85,0.07,4598756000
1246,4.1,0.07,4598754000
1248,4.36,0.03,4598752000
1250,4.31,0.06,4598750000
1252,4.25,0.05,4598748000
1254,4.27,0.05,4598746000
1256,4.11,0.05,4598744000
1258,3.9,0.08,4598742000
1260,3.87,0.05,4598740000
1262,4.07,0.07,4598738000
1264,3.96,0.07,4598736000
1266,3.91,0.07,4598734000
1268,3.91,0.08,4598732000
1270,3.84,0.07,4598730000
1272,3.81,0.07,4598728000
1274,3.84,0.05,4598726000
1276,3.71,0.07,4598724000
1278,3.67,0.04,4598722000
1280,3.56,0.05,4598720000
1282,3.65,0.05,4598718000
1284,3.84,0.04,4598716000
1286,3.97,0.04,4598714000
1288,4.26,0.05,4598712000
1290,4.35,0.05,4598710000
1292,4.14,0.07,4598708000
1294,3.94,0.08,4598706000
1296,4.2,0.03,4598704000
1298,4.15,0.05,4598702000
1300,4.07,0.03,4598700000
1302,4.06,0.06,4598698000
1304,3.97,0.04,4598696000
1306,3.9,0.08,4598694000
1308,3.8,0.04,4598692000
1310,3.65,0.06,4598690000
1312,3.69,0.03,4598688000
1314,3.71,0.05,4598686000
1316,3.59,0.05,4598684000
1318,3.73,0.06,4598682000
1320,3.95,0.03,4598680000
1322,3.94,0.05,4598678000
1324,3.99,0.06,4598676000
1326,4,0.06,4598674000
1328,4.09,0.07,4598672000
1330,4.06,0.07,4598670000
1332,4.02,0.07,4598668000
1334,4.19,0.07,4598666000
1336,4.19,0.05,4598664000
1338,4.1,0.08,4598662000
1340,4.19,0.05,4598660000
1342,4.07,0.07,4598658000
1344,3.88,0.08,4598656000
1346,3.86,0.07,4598654000
1348,3.67,0.08,4598652000
1350,3.59,0.06,4598650000
1352,3.49,0.06,4598648000
1354,3.41,0.06,4598646000
1356,3.5,0.05,4598644000
1358,3.55,0.05,4598642000
1360,3.63,0.07,4598640000
1362,3.8,0.06,4598638000
1364,3.98,0.08,4598636000
1366,3.99,0.07,4598634000
1368,4.2,0.04,4598632000
1370,4.04,0.06,4598630000
1372,4.26,0.04,4598628000
1374,4.21,0.05,4598626000
1376,4.08,0.06,4598624000
1378,4.2,0.08,4598622000
1380,4.05,0.06,4598620000
1382,3.96,0.06,4598618000
1384,3.82,0.05,4598616000
1386,3.72,0.08,4598614000
1388,3.61,0.07,4598612000
1390,3.73,0.06,4598610000
1392,3.59,0.04,4598608000
1394,3.7,0.11,4598606000
1396,3.54,0.04,4598604000
1398,3.49,0.05,4598602000
1400,3.56,0.08,4598600000
1402,3.63,0.05,4598598000
1404,3.74,0.08,4598596000
1406,3.97,0.06,4598594000
1408,3.97,0.12,4598592000
1410,4.2,0.07,4598590000
1412,4.4,0.08,4598588000
1414,4.22,0.08,4598586000
1416,3.96,0.12,4598584000
1418,3.84,0.07,4598582000
1420,3.96,0.06,4598580000
1422,3.83,0.09,4598578000
1424,3.72,0.07,4598576000
1426,3.72,0.06,4598574000
1428,3.61,0.06,4598572000
1430,3.52,0.05,4598570000
1432,3.38,0.05,4598568000
1434,3.38,0.06,4598566000
1436,3.24,0.09,4598564000
1438,3.24,0.07,4598562000
1440,3.28,0.07,4598560000
1442,3.34,0.04,4598558000
1444,3.33,0.05,4598556000
1446,3.36,0.05,4598554000
1448,3.35,0.06,4598552000
1450,3.49,0.06,4598550000
1452,3.8,0.13,4598548000
1454,4.2,0.13,4598546000
1456,4.31,0.07,4598544000
1458,4.24,0.06,4598542000
1460,4.1,0.08,4598540000
1462,4.07,0.06,4598538000
1464,4.22,0.09,4598536000
1466,3.99,0.09,4598534000
1468,3.87,0.13,4598532000
1470,3.62,0.07,4598530000
1472,3.45,0.07,4598528000
1474,3.38,0.08,4598526000
1476,3.31,0.08,4598524000
1478,3.42,0.07,4598522000
1480,3.39,0.08,4598520000
1482,3.44,0.07,4598518000
1484,3.57,0.1,4598516000
1486,3.42,0.05,4598514000
1488,3.42,0.05,4598512000
1490,3.51,0.05,4598510000
1492,3.77,0.1,4598508000
1494,4.05,0.09,4598506000
1496,4.36,0.05,4598504000
1498,4.24,0.07,4598502000
1500,4.21,0,4598500000
1502.5,4.29,0.06,4598497500
1505,4.16,0.1,4598495000
1507.5,4.15,0.06,4598492500
1510,4.02,0.06,4598490000
1512.5,3.74,0.08,4598487500
1515,3.69,0.08,4598485000
1517.5,3.79,0.11,4598482500
1520,3.64,0.07,4598480000
1522.5,3.67,0.05,4598477500
1525,3.7,0.07,4598475000
1527.5,3.89,0.08,4598472500
1530,3.96,0.07,4598470000
1532.5,4.2,0.11,4598467500
1535,4.41,0.09,4598465000
1537.5,4.35,0.07,4598462500
1540,4.38,0.07,4598460000
1542.5,4.3,0.06,4598457500
1545,4.07,0.06,4598455000
1547.5,3.97,0.05,4598452500
1550,3.82,0.08,4598450000
1552.5,3.68,0.07,4598447500
1555,3.72,0.08,4598445000
1557.5,3.79,0.06,4598442500
1560,3.76,0.05,4598440000
1562.5,3.58,0.06,4598437500
1565,3.56,0.05,4598435000
1567.5,3.73,0.05,4598432500
1570,3.85,0.07,4598430000
1572.5,4.17,0.05,4598427500
1575,4.24,0.06,4598425000
1577.5,4.18,0.07,4598422500
1580,3.99,0.07,4598420000
1582.5,3.99,0.07,4598417500
1585,3.8,0.1,4598415000
1587.5,3.66,0.07,4598412500
1590,3.72,0.04,4598410000
1592.5,3.86,0.07,4598407500
1595,3.71,0.05,4598405000
1597.5,3.61,0.04,4598402500
1600,3.53,0.06,4598400000
1602.5,3.37,0.04,4598397500
1605,3.55,0.05,4598395000
1607.5,3.66,0.08,4598392500
1610,3.66,0.07,4598390000
1612.5,3.88,0.05,4598387500
1615,3.84,0.06,4598385000
1617.5,3.9,0.05,4598382500
1620,3.65,0.05,4598380000
1622.5,3.68,0.05,4598377500
1625,3.76,0.04,4598375000
1627.5,4.01,0.07,4598372500
1630,3.55,0.06,4598370000
1632.5,3.57,0.07,4598367500
1635,3.56,0.07,4598365000
1637.5,3.6,0.08,4598362500
1640,3.68,0.08,4598360000
1642.5,3.88,0.06,4598357500
1645,4.05,0.07,4598355000
1647.5,4.17,0.08,4598352500
1650,4.18,0.06,4598350000
1652.5,4.25,0.06,4598347500
1655,4.28,0.06,4598345000
1657.5,4.11,0.06,4598342500
1660,4.13,0.06,4598340000
1662.5,4.08,0.07,4598337500
1665,4.13,0.06,4598335000
1667.5,3.91,0.06,4598332500
1670,3.88,0.08,4598330000
1672.5,3.86,0.06,4598327500
1675,3.55,0.08,4598325000
1677.5,3.72,0.05,4598322500
1680,3.65,0.06,4598320000
1682.5,3.57,0.07,4598317500
1685,3.59,0.05,4598315000
1687.5,3.74,0.05,4598312500
1690,3.72,0.06,4598310000
1692.5,3.75,0.06,4598307500
1695,3.82,0.05,4598305000
1697.5,3.77,0.09,4598302500
1700,4.09,0.06,4598300000
1702.5,4.15,0.06,4598297500
1705,4.12,0.07,4598295000
1707.5,4.17,0.06,4598292500
1710,3.93,0.06,4598290000
1712.5,3.86,0.07,4598287500
1715,3.83,0.06,4598285000
1717.5,3.57,0.06,4598282500
1720,3.52,0.06,4598280000
1722.5,3.72,0.07,4598277500
1725,3.79,0.07,4598275000
1727.5,3.8,0.07,4598272500
1730,3.74,0.1,4598270000
1732.5,3.86,0.08,4598267500
1735,3.6,0.07,4598265000
1737.5,3.6,0.06,4598262500
1740,3.71,0.08,4598260000
1742.5,3.69,0.1,4598257500
1745,4.13,0.07,4598255000
1747.5,4.21,0.08,4598252500
1750,4.16,0.05,4598250000
1752.5,3.85,0.07,4598247500
1755,3.74,0.04,4598245000
1757.5,3.83,0.08,4598242500
1760,3.53,0.09,4598240000
1762.5,3.63,0.08,4598237500
1765,3.49,0.08,4598235000
1767.5,3.52,0.08,4598232500
1770,3.48,0.06,4598230000
1772.5,3.38,0.08,4598227500
1775,3.53,0.06,4598225000
1777.5,3.57,0.05,4598222500
1780,3.65,0.06,4598220000
1782.5,3.8,0.09,4598217500
1785,3.77,0.07,4598215000
1787.5,3.85,0.07,4598212500
1790,3.99,0.08,4598210000
1792.5,4.06,0.06,4598207500
1795,4.09,0.05,4598205000
1797.5,3.89,0.1,4598202500
1800,3.95,0.04,4598200000
1802.5,3.8,0.05,4598197500
1805,3.68,0.04,4598195000
1807.5,3.66,0.07,4598192500
1810,3.52,0.06,4598190000
1812.5,3.68,0.06,4598187500
1815,3.61,0.06,4598185000
1817.5,3.98,0.06,4598182500
1820,3.82,0.08,4598180000
1822.5,3.73,0.08,4598177500
1825,3.72,0.07,4598175000
1827.5,3.65,0.04,4598172500
1830,3.42,0.08,4598170000
1832.5,3.63,0.07,4598167500
1835,3.68,0.07,4598165000
1837.5,3.57,0.06,4598162500
1840,3.57,0.06,4598160000
1842.5,3.57,0.1,4598157500
1845,3.61,0.1,4598155000
1847.5,3.8,0.08,4598152500
1850,3.62,0.11,4598150000
1852.5,3.61,0.06,4598147500
1855,3.56,0.07,4598145000
1857.5,3.64,0.07,4598142500
1860,3.89,0.05,4598140000
1862.5,4.19,0.06,4598137500
1865,4.16,0.07,4598135000
1867.5,3.97,0.06,4598132500
1870,3.95,0.11,4598130000
1872.5,3.83,0.09,4598127500
1875,3.84,0.07,4598125000
1877.5,3.73,0.11,4598122500
1880,3.77,0.09,4598120000
1882.5,3.69,0.06,4598117500
1885,3.75,0.05,4598115000
1887.5,3.59,0.06,4598112500
1890,3.68,0.06,4598110000
1892.5,3.61,0.05,4598107500
1895,3.74,0.07,4598105000
1897.5,3.69,0.08,4598102500
1900,4.02,0.05,4598100000
1902.5,3.93,0.12,4598097500
1905,4.01,0.06,4598095000
1907.5,3.83,0.09,4598092500
1910,3.81,0.11,4598090000
1912.5,3.81,0.07,4598087500
1915,3.7,0.06,4598085000
1917.5,3.64,0.07,4598082500
1920,3.7,0.06,4598080000
1922.5,3.65,0.08,4598077500
1925,3.5,0.07,4598075000
1927.5,3.48,0.09,4598072500
1930,3.51,0.08,4598070000
1932.5,3.45,0.09,4598067500
1935,3.52,0.05,4598065000
1937.5,3.58,0.09,4598062500
1940,3.51,0.08,4598060000
1942.5,4.02,0.05,4598057500
1945,4.03,0.1,4598055000
1947.5,4.17,0.07,4598052500
1950,4.1,0.07,4598050000
1952.5,4.02,0.06,4598047500
1955,3.89,0.07,4598045000
1957.5,3.77,0.11,4598042500
1960,3.86,0.09,4598040000
1962.5,3.9,0.05,4598037500
1965,3.74,0.07,4598035000
1967.5,3.61,0.1,4598032500
1970,3.75,0.07,4598030000
1972.5,3.5,0.07,4598027500
1975,3.55,0.06,4598025000
1977.5,3.45,0.04,4598022500
1980,3.33,0.04,4598020000
1982.5,3.38,0.07,4598017500
1985,3.36,0.07,4598015000
1987.5,3.52,0.07,4598012500
1990,3.65,0.08,4598010000
1992.5,3.68,0.1,4598007500
1995,3.58,0.09,4598005000
1997.5,3.69,0.08,4598002500
2000,3.85,0.06,4.598e+09
2002.5,3.81,0.09,4597997500
2005,3.92,0.07,4597995000
2007.5,3.89,0.07,4597992500
2010,3.55,0.06,4597990000
2012.5,3.63,0.09,4597987500
2015,3.81,0.08,4597985000
2017.5,3.54,0.07,4597982500
2020,3.57,0.07,4597980000
2022.5,3.46,0.08,4597977500
2025,3.24,0.07,4597975000
2027.5,3.44,0.07,4597972500
2030,3.34,0.08,4597970000
2032.5,3.36,0.06,4597967500
2035,3.56,0.05,4597965000
2037.5,3.63,0.07,4597962500
2040,3.67,0.06,4597960000
2042.5,3.62,0.07,4597957500
2045,3.92,0.07,4597955000
2047.5,3.78,0.07,4597952500
2050,3.71,0.08,4597950000
2052.5,3.62,0.09,4597947500
2055,3.6,0.06,4597945000
2057.5,3.72,0.08,4597942500
2060,3.74,0.08,4597940000
2062.5,3.88,0.05,4597937500
2065,4.18,0.07,4597935000
2067.5,4.18,0.06,4597932500
2070,4.21,0.07,4597930000
2072.5,4.28,0.05,4597927500
2075,4.16,0.06,4597925000
2077.5,4.15,0.05,4597922500
2080,3.96,0.06,4597920000
2082.5,3.99,0.09,4597917500
2085,3.85,0.07,4597915000
2087.5,3.88,0.08,4597912500
2090,3.7,0.07,4597910000
2092.5,3.63,0.06,4597907500
2095,3.49,0.07,4597905000
2097.5,3.46,0.07,4597902500
2100,3.44,0.1,4597900000
2102.5,3.55,0.07,4597897500
2105,3.66,0.07,4597895000
2107.5,3.63,0.08,4597892500
2110,3.51,0.06,4597890000
2112.5,3.5,0.06,4597887500
2115,3.5,0.1,4597885000
2117.5,3.72,0.08,4597882500
2120,3.68,0.1,4597880000
2122.5,3.68,0.08,4597877500
2125,3.5,0.1,4597875000
2127.5,3.47,0.09,4597872500
2130,3.32,0.09,4597870000
2132.5,3.29,0.07,4597867500
2135,3.29,0.12,4597865000
2137.5,3.34,0.1,4597862500
2140,3.23,0.07,4597860000
2142.5,3.44,0.07,4597857500
2145,3.6,0.07,4597855000
2147.5,4,0.06,4597852500
2150,4.15,0.06,4597850000
2152.5,4.22,0.07,4597847500
2155,4.23,0.06,4597845000
2157.5,4.1,0.05,4597842500
2160,4.15,0.06,4597840000
2162.5,3.94,0.07,4597837500
2165,3.88,0.04,4597835000
2167.5,3.77,0.06,4597832500
2170,3.69,0.03,4597830000
2172.5,3.67,0.07,4597827500
2175,3.56,0.06,4597825000
2177.5,3.5,0.05,4597822500
2180,3.36,0.08,4597820000
2182.5,3.41,0.08,4597817500
2185,3.42,0.04,4597815000
2187.5,3.38,0.09,4597812500
2190,3.56,0.05,4597810000
2192.5,3.68,0.05,4597807500
2195,3.77,0.07,4597805000
2197.5,3.83,0.05,4597802500
2200,3.86,0.07,4597800000
2202.5,3.83,0.06,4597797500
2205,3.74,0.05,4597795000
2207.5,3.6,0.06,4597792500
2210,3.59,0.05,4597790000
2212.5,3.46,0.06,4597787500
2215,3.59,0.06,4597785000
2217.5,3.61,0.06,4597782500
2220,3.57,0.05,4597780000
2222.5,3.49,0.04,4597777500
2225,3.39,0.04,4597775000
2227.5,3.42,0.04,4597772500
2230,3.46,0.06,4597770000
2232.5,3.49,0.06,4597767500
2235,3.56,0.07,4597765000
2237.5,3.8,0.05,4597762500
2240,4.01,0.07,4597760000
2242.5,3.87,0.06,4597757500
2245,3.8,0.06,4597755000
2247.5,3.72,0.05,4597752500
2250,3.61,0.06,4597750000
2252.5,3.45,0.09,4597747500
2255,3.39,0.06,4597745000
2257.5,3.32,0.07,4597742500
2260,3.21,0.08,4597740000
2262.5,3.3,0.06,4597737500
2265,3.45,0.1,4597735000
2267.5,3.37,0.12,4597732500
2270,3.48,0.06,4597730000
2272.5,3.5,0.05,4597727500
2275,3.87,0.07,4597725000
2277.5,3.8,0.05,4597722500
2280,3.84,0.04,4597720000
2282.5,3.91,0.09,4597717500
2285,3.8,0.05,4597715000
2287.5,3.69,0.08,4597712500
2290,3.68,0.05,4597710000
2292.5,3.46,0.08,4597707500
2295,3.45,0.06,4597705000
2297.5,3.27,0.07,4597702500
2300,3.28,0.11,4597700000
2302.5,3.36,0.07,4597697500
2305,3.35,0.06,4597695000
2307.5,3.43,0.08,4597692500
2310,3.61,0.04,4597690000
2312.5,3.7,0.06,4597687500
2315,3.74,0.08,4597685000
2317.5,3.75,0.07,4597682500
2320,3.76,0.04,4597680000
2322.5,3.6,0.08,4597677500
2325,3.52,0.04,4597675000
2327.5,3.64,0.06,4597672500
2330,3.64,0.07,4597670000
2332.5,3.52,0.08,4597667500
2335,3.39,0.07,4597665000
2337.5,3.29,0.06,4597662500
2340,3.2,0.09,4597660000
2342.5,3.33,0.07,4597657500
2345,3.37,0.06,4597655000
2347.5,3.25,0.07,4597652500
2350,3.58,0.06,4597650000
2352.5,3.72,0.05,4597647500
2355,3.8,0.05,4597645000
2357.5,3.96,0.06,4597642500
2360,3.92,0.03,4597640000
2362.5,3.76,0.05,4597637500
2365,3.87,0.04,4597635000
2367.5,3.63,0.07,4597632500
2370,3.72,0.05,4597630000
2372.5,3.63,0.07,4597627500
2375,3.39,0.07,4597625000
2377.5,3.38,0.06,4597622500
2380,3.37,0.05,4597620000
2382.5,3.24,0.1,4597617500
2385,3.33,0.07,4597615000
2387.5,3.48,0.06,4597612500
2390,3.54,0.08,4597610000
2392.5,3.6,0.08,4597607500
2395,3.41,0.09,4597605000
2397.5,3.46,0.07,4597602500
2400,3.48,0.09,4597600000
2402.5,3.67,0.07,4597597500
2405,3.69,0.07,4597595000
2407.5,3.41,0.07,4597592500
2410,3.29,0.08,4597590000
2412.5,3.37,0.06,4597587500
2415,3.37,0.06,4597585000
2417.5,3.33,0.06,4597582500
2420,3.35,0.07,4597580000
2422.5,3.53,0.06,4597577500
2425,3.49,0.08,4597575000
2427.5,3.66,0.05,4597572500
2430,3.93,0.06,4597570000
2432.5,4.17,0.06,4597567500
2435,4.09,0.06,4597565000
2437.5,4.14,0.05,4597562500
2440,4.01,0.04,4597560000
2442.5,4,0.07,4597557500
2445,3.95,0.07,4597555000
2447.5,3.91,0.06,4597552500
2450,3.73,0.06,4597550000
2452.5,3.69,0.05,4597547500
2455,3.45,0.05,4597545000
2457.5,3.39,0.05,4597542500
2460,3.39,0.06,4597540000
2462.5,3.21,0.07,4597537500
2465,3.25,0.06,4597535000
2467.5,3.31,0.06,4597532500
2470,3.32,0.06,4597530000
2472.5,3.43,0.07,4597527500
2475,3.57,0.08,4597525000
2477.5,3.7,0.07,4597522500
2480,3.7,0.05,4597520000
2482.5,3.96,0.05,4597517500
2485,3.99,0.1,4597515000
2487.5,4.16,0.06,4597512500
2490,3.83,0.08,4597510000
2492.5,3.65,0.09,4597507500
2495,3.62,0.05,4597505000
2497.5,3.43,0.06,4597502500
2500,3.18,0.08,4597500000
2502.5,3.35,0.05,4597497500
2505,3.48,0.05,4597495000
2507.5,3.42,0.06,4597492500
2510,3.65,0.05,4597490000
2512.5,3.76,0.09,4597487500
2515,3.89,0.07,4597485000
2517.5,4.12,0.07,4597482500
2520,4.13,0.07,4597480000
2522.5,4.06,0.06,4597477500
2525,4.13,0.03,4597475000
2527.5,4.03,0.04,4597472500
2530,3.89,0.06,4597470000
2532.5,3.93,0.04,4597467500
2535,3.73,0.09,4597465000
2537.5,3.74,0.05,4597462500
2540,3.63,0.07,4597460000
2542.5,3.35,0.08,4597457500
2545,3.27,0.06,4597455000
2547.5,3.18,0.07,4597452500
2550,3.21,0.06,4597450000
2552.5,3.28,0.08,4597447500
2555,3.43,0.06,4597445000
2557.5,3.39,0.07,4597442500
2560,3.37,0.06,4597440000
2562.5,3.38,0.07,4597437500
2565,3.63,0.05,4597435000
2567.5,3.53,0.06,4597432500
2570,3.47,0.05,4597430000
2572.5,3.47,0.06,4597427500
2575,3.41,0.07,4597425000
2577.5,3.32,0.06,4597422500
2580,3.23,0.05,4597420000
2582.5,3.26,0.05,4597417500
2585,3.16,0.08,4597415000
2587.5,3.27,0.07,4597412500
2590,3.43,0.06,4597410000
2592.5,3.45,0.07,4597407500
2595,3.47,0.05,4597405000
2597.5,3.74,0.05,4597402500
2600,3.9,0.05,4597400000
2602.5,3.86,0.06,4597397500
2605,3.81,0.06,4597395000
2607.5,3.85,0.05,4597392500
2610,3.62,0.07,4597390000
2612.5,3.64,0.05,4597387500
2615,3.44,0.08,4597385000
2617.5,3.45,0.07,4597382500
2620,3.27,0.05,4597380000
2622.5,3.24,0.05,4597377500
2625,3.31,0.08,4597375000
2627.5,3.26,0.08,4597372500
2630,3.23,0.06,4597370000
2632.5,3.44,0.05,4597367500
2635,3.45,0.07,4597365000
2637.5,3.48,0.06,4597362500
2640,3.66,0.04,4597360000
2642.5,3.72,0.05,4597357500
2645,3.84,0.06,4597355000
2647.5,3.69,0.05,4597352500
2650,3.51,0.09,4597350000
2652.5,3.41,0.06,4597347500
2655,3.35,0.07,4597345000
2657.5,3.14,0.09,4597342500
2660,3.23,0.08,4597340000
2662.5,3.05,0.08,4597337500
2665,3.25,0.05,4597335000
2667.5,3.24,0.09,4597332500
2670,3.19,0.06,4597330000
2672.5,3.2,0.07,4597327500
2675,3.22,0.08,4597325000
2677.5,3.36,0.07,4597322500
2680,3.37,0.07,4597320000
2682.5,3.54,0.08,4597317500
2685,3.68,0.06,4597315000
2687.5,3.75,0.03,4597312500
2690,3.61,0.06,4597310000
2692.5,3.53,0.06,4597307500
2695,3.61,0.08,4597305000
2697.5,3.57,0.07,4597302500
2700,3.61,0.05,4597300000
2702.5,3.48,0.07,4597297500
2705,3.79,0.04,4597295000
2707.5,3.76,0.07,4597292500
2710,3.7,0.05,4597290000
2712.5,3.76,0.06,4597287500
2715,3.87,0.04,4597285000
2717.5,3.8,0.05,4597282500
2720,3.8,0.06,4597280000
2722.5,3.77,0.06,4597277500
2725,3.66,0.08,4597275000
2727.5,3.61,0.07,4597272500
2730,3.47,0.05,4597270000
2732.5,3.39,0.05,4597267500
2735,3.27,0.06,4597265000
2737.5,3.12,0.04,4597262500
2740,3.18,0.05,4597260000
2742.5,3.04,0.06,4597257500
2745,3.15,0.05,4597255000
2747.5,3.09,0.04,4597252500
2750,3.13,0.05,4597250000
2752.5,3.21,0.04,4597247500
2755,3.19,0.05,4597245000
2757.5,3.16,0.05,4597242500
2760,3.27,0.05,4597240000
2762.5,3.24,0.04,4597237500
2765,3.24,0.05,4597235000
2767.5,3.15,0.05,4597232500
2770,3.13,0.04,4597230000
2772.5,3.28,0.05,4597227500
2775,3.31,0.04,4597225000
2777.5,3.23,0.05,4597222500
2780,3.18,0.05,4597220000
2782.5,3.16,0.05,4597217500
2785,3.19,0.05,4597215000
2787.5,3.24,0.06,4597212500
2790,3.21,0.06,4597210000
2792.5,3.26,0.05,4597207500
2795,3.41,0.07,4597205000
2797.5,3.4,0.05,4597202500
2800,3.5,0.06,4597200000
2802.5,3.74,0.05,4597197500
2805,3.78,0.05,4597195000
2807.5,3.73,0.06,4597192500
2810,3.65,0.07,4597190000
2812.5,3.66,0.05,4597187500
2815,3.63,0.05,4597185000
2817.5,3.45,0.05,4597182500
2820,3.38,0.06,4597180000
2822.5,3.26,0.05,4597177500
2825,3.15,0.08,4597175000
2827.5,3.12,0.06,4597172500
2830,3.16,0.06,4597170000
2832.5,3.11,0.04,4597167500
2835,3.17,0.08,4597165000
2837.5,3.27,0.08,4597162500
2840,3.34,0.05,4597160000
2842.5,3.42,0.06,4597157500
2845,3.38,0.07,4597155000
2847.5,3.5,0.07,4597152500
2850,3.4,0.06,4597150000
2852.5,3.42,0.05,4597147500
2855,3.44,0.06,4597145000
2857.5,3.33,0.06,4597142500
2860,3.19,0.08,4597140000
2862.5,3.25,0.06,4597137500
2865,3.37,0.05,4597135000
2867.5,3.31,0.06,4597132500
2870,3.3,0.09,4597130000
2872.5,3.23,0.06,4597127500
2875,3.23,0.05,4597125000
2877.5,3.47,0.06,4597122500
2880,3.48,0.06,4597120000
2882.5,3.45,0.04,4597117500
2885,3.5,0.08,4597115000
2887.5,3.46,0.06,4597112500
2890,3.49,0.04,4597110000
2892.5,3.34,0.07,4597107500
2895,3.29,0.05,4597105000
2897.5,3.14,0.05,4597102500
2900,3.22,0.06,4597100000
2902.5,3.21,0.07,4597097500
2905,3.32,0.05,4597095000
2907.5,3.28,0.08,4597092500
2910,3.27,0.04,4597090000
2912.5,3.3,0.05,4597087500
2915,3.49,0.08,4597085000
2917.5,3.41,0.05,4597082500
2920,3.51,0.05,4597080000
2922.5,3.5,0.06,4597077500
2925,3.5,0.04,4597075000
2927.5,3.33,0.09,4597072500
2930,3.43,0.1,4597070000
2932.5,3.51,0.07,4597067500
2935,3.31,0.06,4597065000
2937.5,3.18,0.06,4597062500
2940,3.09,0.08,4597060000
2942.5,2.95,0.07,4597057500
2945,2.95,0.04,4597055000
2947.5,3.06,0.06,4597052500
2950,2.93,0.06,4597050000
2952.5,2.92,0.07,4597047500
2955,3.16,0.05,4597045000
2957.5,3.23,0.06,4597042500
2960,3.08,0.08,4597040000
2962.5,3.18,0.06,4597037500
2965,3.16,0.05,4597035000
2967.5,3.35,0.06,4597032500
2970,3.3,0.06,4597030000
2972.5,3.33,0.04,4597027500
2975,3.48,0.06,4597025000
2977.5,3.43,0.04,4597022500
2980,3.45,0.07,4597020000
2982.5,3.26,0.06,4597017500
2985,3.07,0.06,4597015000
2987.5,3.15,0.06,4597012500
2990,3.18,0.07,4597010000
2992.5,3.21,0.04,4597007500
2995,3.2,0.07,4597005000
2997.5,3.22,0.06,4597002500
3000,3.36,0,4.597e+09
3005,3.44,0.04,4596995000
3010,3.46,0.04,4596990000
3015,3.52,0.04,4596985000
3020,3.49,0.04,4596980000
3025,3.32,0.04,4596975000
3030,3.13,0.04,4596970000
3035,3.09,0.06,4596965000
3040,3.23,0.05,4596960000
3045,3.31,0.04,4596955000
3050,3.33,0.06,4596950000
3055,3.14,0.04,4596945000
3060,2.95,0.06,4596940000
3065,3.05,0.06,4596935000
3070,3.09,0.06,4596930000
3075,3.1,0.04,4596925000
3080,3.09,0.05,4596920000
3085,2.94,0.06,4596915000
3090,3.18,0.05,4596910000
3095,3.18,0.05,4596905000
3100,3.08,0.05,4596900000
3105,3.06,0.06,4596895000
3110,3.13,0.04,4596890000
3115,3.22,0.04,4596885000
3120,3.26,0.03,4596880000
3125,3.34,0.04,4596875000
3130,3.38,0.03,4596870000
3135,3.45,0.05,4596865000
3140,3.38,0.05,4596860000
3145,3.35,0.05,4596855000
3150,3.16,0.05,4596850000
3155,2.95,0.04,4596845000
3160,3.01,0.05,4596840000
3165,3.04,0.05,4596835000
3170,3.14,0.04,4596830000
3175,3.19,0.04,4596825000
3180,3.16,0.05,4596820000
3185,3.08,0.05,4596815000
3190,2.95,0.05,4596810000
3195,3.09,0.04,4596805000
3200,3.02,0.07,4596800000
3205,3,0.05,4596795000
3210,3.02,0.05,4596790000
3215,3.2,0.04,4596785000
3220,3.13,0.04,4596780000
3225,3.21,0.04,4596775000
3230,3.13,0.03,4596770000
3235,3.24,0.05,4596765000
3240,3.04,0.05,4596760000
3245,3.04,0.06,4596755000
3250,3.03,0.04,4596750000
3255,3.17,0.04,4596745000
3260,3.16,0.04,4596740000
3265,3.32,0.05,4596735000
3270,3.27,0.05,4596730000
3275,3.33,0.05,4596725000
3280,3.26,0.04,4596720000
3285,3.4,0.04,4596715000
3290,3.65,0.04,4596710000
3295,3.74,0.04,4596705000
3300,3.71,0.03,4596700000
3305,3.42,0.04,4596695000
3310,3.37,0.05,4596690000
3315,3.22,0.05,4596685000
3320,3.1,0.04,4596680000
3325,3.2,0.05,4596675000
3330,3.21,0.05,4596670000
3335,3.25,0.04,4596665000
3340,3.41,0.04,4596660000
3345,3.31,0.04,4596655000
3350,3.18,0.04,4596650000
3355,3.22,0.05,4596645000
3360,3.17,0.04,4596640000
3365,3.11,0.03,4596635000
3370,3.15,0.04,4596630000
3375,3.35,0.03,4596625000
3380,3.35,0.03,4596620000
3385,3.25,0.04,4596615000
3390,3.16,0.05,4596610000
3395,3.08,0.04,4596605000
3400,3.13,0.04,4596600000
3405,3.14,0.04,4596595000
3410,3.08,0.05,4596590000
3415,2.99,0.05,4596585000
3420,3.1,0.05,4596580000
3425,3.2,0.05,4596575000
3430,3.11,0.04,4596570000
3435,2.9,0.04,4596565000
3440,2.9,0.03,4596560000
3445,3.04,0.03,4596555000
3450,3.12,0.03,4596550000
3455,3.03,0.04,4596545000
3460,3.07,0.06,4596540000
3465,3.23,0.05,4596535000
3470,3.09,0.04,4596530000
3475,2.92,0.04,4596525000
3480,2.89,0.05,4596520000
3485,3,0.04,4596515000
3490,2.98,0.04,4596510000
3495,3.06,0.04,4596505000
3500,2.93,0.05,4596500000
3505,2.95,0.05,4596495000
3510,2.97,0.06,4596490000
3515,3.04,0.05,4596485000
3520,3.11,0.04,4596480000
3525,3.18,0.05,4596475000
3530,3.14,0.04,4596470000
3535,3.01,0.04,4596465000
3540,2.92,0.04,4596460000
3545,3.01,0.03,4596455000
3550,3.11,0.04,4596450000
3555,3.12,0.03,4596445000
3560,3.14,0.03,4596440000
3565,3.05,0.04,4596435000
3570,2.89,0.04,4596430000
3575,2.94,0.04,4596425000
3580,3.18,0.03,4596420000
3585,3.16,0.03,4596415000
3590,3.15,0.05,4596410000
3595,2.99,0.06,4596405000
3600,3,0.04,4596400000
3605,3.09,0.05,4596395000
3610,2.93,0.04,4596390000
3615,3.04,0.04,4596385000
3620,3.2,0.05,4596380000
3625,3.33,0.04,4596375000
3630,3.41,0.04,4596370000
3635,3.29,0.04,4596365000
3640,3.05,0.05,4596360000
3645,2.98,0.04,4596355000
3650,2.96,0.03,4596350000
3655,3.14,0.04,4596345000
3660,3.18,0.05,4596340000
3665,3.4,0.03,4596335000
3670,3.45,0.03,4596330000
3675,3.21,0.04,4596325000
3680,3.05,0.03,4596320000
3685,2.98,0.04,4596315000
3690,2.92,0.04,4596310000
3695,3.02,0.04,4596305000
3700,3.05,0.05,4596300000
3705,3.1,0.04,4596295000
3710,3.28,0.05,4596290000
3715,3.29,0.04,4596285000
3720,2.97,0.04,4596280000
3725,2.83,0.06,4596275000
3730,3,0.04,4596270000
3735,2.93,0.04,4596265000
3740,2.96,0.04,4596260000
3745,3.2,0.05,4596255000
3750,3.08,0.05,4596250000
3755,2.98,0.05,4596245000
3760,2.93,0.04,4596240000
3765,2.89,0.03,4596235000
3770,3.09,0.03,4596230000
3775,3.08,0.04,4596225000
3780,3.05,0.04,4596220000
3785,2.97,0.04,4596215000
3790,3.06,0.06,4596210000
3795,3.21,0.07,4596205000
3800,3,0.06,4596200000
3805,3.1,0.05,4596195000
3810,3.05,0.04,4596190000
3815,3,0.06,4596185000
3820,2.99,0.05,4596180000
3825,3.22,0.04,4596175000
3830,3.26,0.04,4596170000
3835,3.05,0.04,4596165000
3840,2.86,0.04,4596160000
3845,2.88,0.05,4596155000
3850,2.9,0.05,4596150000
3855,2.89,0.05,4596145000
3860,2.89,0.04,4596140000
3865,3.17,0.05,4596135000
3870,3.16,0.05,4596130000
3875,3.25,0.04,4596125000
3880,3.01,0.06,4596120000
3885,2.95,0.04,4596115000
3890,2.89,0.04,4596110000
3895,3.06,0.04,4596105000
3900,2.92,0.04,4596100000
3905,2.92,0.03,4596095000
3910,2.87,0.03,4596090000
3915,3.07,0.04,4596085000
3920,3.08,0.03,4596080000
3925,2.91,0.04,4596075000
3930,2.89,0.04,4596070000
3935,2.83,0.05,4596065000
3940,2.97,0.05,4596060000
3945,3.04,0.03,4596055000
3950,3.02,0.04,4596050000
3955,2.9,0.06,4596045000
3960,2.89,0.05,4596040000
3965,2.94,0.04,4596035000
3970,3.01,0.05,4596030000
3975,3.01,0.06,4596025000
3980,3.06,0.05,4596020000
3985,3.06,0.08,4596015000
3990,3.24,0.06,4596010000
3995,3.3,0.04,4596005000
4000,3.23,0.05,4.596e+09
4005,3.16,0.06,4595995000
4010,2.96,0.06,4595990000
4015,2.95,0.05,4595985000
4020,3.07,0.05,4595980000
4025,3.02,0.04,4595975000
4030,3.12,0.04,4595970000
4035,3.17,0.05,4595965000
4040,3.2,0.05,4595960000
4045,3.16,0.04,4595955000
4050,3.06,0.04,4595950000
4055,3.06,0.06,4595945000
4060,3.1,0.04,4595940000
4065,3.01,0.04,4595935000
4070,3.08,0.05,4595930000
4075,3.02,0.07,4595925000
4080,3.01,0.04,4595920000
4085,3.03,0.06,4595915000
4090,3.07,0.04,4595910000
4095,3.07,0.05,4595905000
4100,2.87,0.05,4595900000
4105,2.88,0.05,4595895000
4110,2.87,0.04,4595890000
4115,2.91,0.04,4595885000
4120,2.94,0.04,4595880000
4125,3,0.05,4595875000
4130,2.82,0.03,4595870000
4135,2.98,0.04,4595865000
4140,2.92,0.04,4595860000
4145,2.98,0.04,4595855000
4150,3.11,0.05,4595850000
4155,3.16,0.06,4595845000
4160,3.11,0.05,4595840000
4165,3,0.05,4595835000
4170,3.06,0.09,4595830000
4175,2.99,0.05,4595825000
4180,2.87,0.09,4595820000
4185,2.86,0.04,4595815000
4190,2.95,0.06,4595810000
4195,3.04,0.05,4595805000
4200,3.11,0.04,4595800000
4205,3.04,0.06,4595795000
4210,3,0.04,4595790000
4215,2.85,0.04,4595785000
4220,3,0.04,4595780000
4225,2.98,0.05,4595775000
4230,2.91,0.04,4595770000
4235,3.03,0.04,4595765000
4240,3.03,0.04,4595760000
4245,3.06,0.04,4595755000
4250,2.99,0.03,4595750000
4255,3.1,0.08,4595745000
4260,2.95,0.06,4595740000
4265,2.96,0.04,4595735000
4270,2.88,0.09,4595730000
4275,3.06,0.07,4595725000
4280,2.9,0.04,4595720000
4285,2.95,0.06,4595715000
4290,3.02,0.04,4595710000
4295,3.03,0.05,4595705000
4300,3.04,0.05,4595700000
4305,2.88,0.04,4595695000
4310,2.86,0.05,4595690000
4315,2.85,0.05,4595685000
4320,2.84,0.06,4595680000
4325,2.83,0.05,4595675000
4330,3,0.05,4595670000
4335,2.85,0.06,4595665000
4340,2.73,0.05,4595660000
4345,2.87,0.04,4595655000
4350,2.84,0.08,4595650000
4355,2.89,0.07,4595645000
4360,3.03,0.04,4595640000
4365,3.07,0.05,4595635000
4370,2.95,0.05,4595630000
4375,2.89,0.06,4595625000
4380,2.98,0.04,4595620000
4385,2.76,0.06,4595615000
4390,2.83,0.06,4595610000
4395,2.94,0.06,4595605000
4400,2.99,0.04,4595600000
4405,3.08,0.03,4595595000
4410,3.03,0.05,4595590000
4415,3.13,0.04,4595585000
4420,2.97,0.05,4595580000
4425,2.94,0.04,4595575000
4430,2.88,0.05,4595570000
4435,2.92,0.06,4595565000
4440,2.88,0.05,4595560000
4445,2.9,0.05,4595555000
4450,3.03,0.05,4595550000
4455,2.95,0.05,4595545000
4460,2.85,0.04,4595540000
4465,2.85,0.05,4595535000
4470,2.87,0.06,4595530000
4475,2.86,0.06,4595525000
4480,2.95,0.05,4595520000
4485,2.92,0.04,4595515000
4490,3.1,0.07,4595510000
4495,3.1,0.06,4595505000
4500,3.12,0.06,4595500000
4505,3.07,0.06,4595495000
4510,2.93,0.05,4595490000
4515,2.99,0.07,4595485000
4520,2.79,0.07,4595480000
4525,3.01,0.05,4595475000
4530,3.04,0.05,4595470000
4535,3.09,0.05,4595465000
4540,2.87,0.04,4595460000
4545,2.81,0.08,4595455000
4550,2.88,0.05,4595450000
4555,2.9,0.04,4595445000
4560,3.02,0.05,4595440000
4565,2.93,0.05,4595435000
4570,2.98,0.04,4595430000
4575,3.16,0.05,4595425000
4580,3.11,0.04,4595420000
4585,3.1,0.04,4595415000
4590,3,0.04,4595410000
4595,3,0.03,4595405000
4600,2.98,0.04,4595400000
4605,3.09,0.04,4595395000
4610,3.14,0.06,4595390000
4615,3.05,0.05,4595385000
4620,3.04,0.05,4595380000
4625,3.01,0.04,4595375000
4630,3.02,0.06,4595370000
4635,2.95,0.05,4595365000
4640,2.95,0.06,4595360000
4645,2.93,0.05,4595355000
4650,3.09,0.05,4595350000
4655,3.13,0.06,4595345000
4660,2.88,0.05,4595340000
4665,2.97,0.06,4595335000
4670,2.86,0.05,4595330000
4675,2.92,0.06,4595325000
4680,2.86,0.06,4595320000
4685,3.06,0.07,4595315000
4690,3.17,0.05,4595310000
4695,3.08,0.04,4595305000
4700,3.13,0.04,4595300000
4705,2.97,0.05,4595295000
4710,2.92,0.06,4595290000
4715,3.03,0.04,4595285000
4720,2.95,0.06,4595280000
4725,3.13,0.04,4595275000
4730,3.14,0.05,4595270000
4735,3.09,0.04,4595265000
4740,2.91,0.04,4595260000
4745,2.96,0.04,4595255000
4750,3.04,0.04,4595250000
4755,2.86,0.07,4595245000
4760,2.92,0.05,4595240000
4765,3,0.03,4595235000
4770,3.2,0.06,4595230000
4775,3.17,0.06,4595225000
4780,3,0.04,4595220000
4785,2.99,0.05,4595215000
4790,2.93,0.05,4595210000
4795,2.96,0.05,4595205000
4800,2.99,0.03,4595200000
4805,2.99,0.08,4595195000
4810,3.15,0.05,4595190000
4815,3.15,0.04,4595185000
4820,3.03,0.05,4595180000
4825,2.83,0.05,4595175000
4830,2.85,0.06,4595170000
4835,2.96,0.06,4595165000
4840,3.04,0.06,4595160000
4845,3.24,0.05,4595155000
4850,3.3,0.05,4595150000
4855,3.08,0.06,4595145000
4860,3.06,0.05,4595140000
4865,2.98,0.05,4595135000
4870,2.88,0.06,4595130000
4875,2.86,0.05,4595125000
4880,2.91,0.06,4595120000
4885,3.18,0.06,4595115000
4890,3.27,0.1,4595110000
4895,3.3,0.07,4595105000
4900,3.15,0.06,4595100000
4905,3.03,0.05,4595095000
4910,2.85,0.06,4595090000
4915,2.85,0.04,4595085000
4920,2.96,0.05,4595080000
4925,2.77,0.07,4595075000
4930,2.91,0.04,4595070000
4935,3.03,0.06,4595065000
4940,3.07,0.05,4595060000
4945,3.03,0.07,4595055000
4950,3.05,0.06,4595050000
4955,2.84,0.12,4595045000
4960,2.86,0.07,4595040000
4965,2.91,0.08,4595035000
4970,2.93,0.09,4595030000
4975,2.94,0.06,4595025000
4980,3.17,0.06,4595020000
4985,2.95,0.07,4595015000
4990,2.74,0.05,4595010000
4995,2.85,0.05,4595005000
5000,2.79,0.04,4.595e+09
5005,2.95,0.06,4594995000
5010,2.94,0.06,4594990000
5015,2.87,0.07,4594985000
5020,2.74,0.07,4594980000
5025,2.74,0.1,4594975000
5030,2.77,0.06,4594970000
5035,2.79,0.08,4594965000
5040,3.06,0.06,4594960000
5045,3.17,0.05,4594955000
5050,3.04,0.07,4594950000
5055,3.06,0.08,4594945000
5060,2.85,0.06,4594940000
5065,2.9,0.1,4594935000
5070,2.93,0.08,4594930000
5075,2.69,0.07,4594925000
5080,2.78,0.09,4594920000
5085,2.81,0.07,4594915000
5090,2.66,0.06,4594910000
5095,2.88,0.06,4594905000
5100,3,0.11,4594900000
5105,3.04,0.05,4594895000
5110,2.92,0.04,4594890000
5115,2.86,0.07,4594885000
5120,2.8,0.08,4594880000
5125,2.72,0.02,4594875000
5130,2.68,0.06,4594870000
5135,2.65,0.08,4594865000
5140,2.94,0.07,4594860000
5145,2.9,0.05,4594855000
5150,2.89,0.09,4594850000
5155,2.91,0.07,4594845000
5160,2.82,0.13,4594840000
5165,2.95,0.05,4594835000
5170,3.02,0.09,4594830000
5175,3.21,0.1,4594825000
5180,3.11,0.08,4594820000
5185,3.02,0.08,4594815000
5190,3,0.07,4594810000
5195,2.82,0.11,4594805000
5200,2.86,0.08,4594800000
5205,3,0.11,4594795000
5210,2.96,0.06,4594790000
5215,2.87,0.06,4594785000
5220,2.84,0.09,4594780000
5225,2.93,0.07,4594775000
5230,2.98,0.05,4594770000
5235,2.77,0.08,4594765000
5240,2.92,0.07,4594760000
5245,2.97,0.09,4594755000
5250,3.06,0.09,4594750000
5255,3.09,0.12,4594745000
5260,3.01,0.07,4594740000
5265,2.98,0.08,4594735000
5270,2.8,0.07,4594730000
5275,2.89,0.11,4594725000
5280,2.89,0.08,4594720000
5285,2.8,0.06,4594715000
5290,2.92,0.03,4594710000
5295,2.97,0.06,4594705000
5300,2.91,0.06,4594700000
5305,2.79,0.04,4594695000
5310,2.79,0.09,4594690000
5315,2.84,0.07,4594685000
5320,2.91,0.09,4594680000
