"years_before_present","temp_anomaly_C","reference","yearsElapsed"
798000,-3.03,"https://www.co2levels.org/#sources",4599202000
795000,-4.42,"",4599205000
792000,-2.08,"",4599208000
789000,-1.78,"",4599211000
786000,-1.01,"",4599214000
783000,-0.07,"",4599217000
780000,0.47,"",4599220000
777000,-0.76,"",4599223000
774000,-1.4,"",4599226000
771000,-1.29,"",4599229000
768000,-1.54,"",4599232000
765000,-0.93,"",4599235000
762000,-1.94,"",4599238000
759000,-3.25,"",4599241000
756000,-3.31,"",4599244000
753000,-1.92,"",4599247000
750000,-1.72,"",4599250000
747000,-1.83,"",4599253000
744000,-0.55,"",4599256000
741000,-1.09,"",4599259000
738000,-0.48,"",4599262000
735000,0.24,"",4599265000
732000,-1.64,"",4599268000
729000,-1.31,"",4599271000
726000,-1.44,"",4599274000
723000,-2.6,"",4599277000
720000,-1.99,"",4599280000
717000,-1.99,"",4599283000
714000,-2.31,"",4599286000
711000,-1.93,"",4599289000
708000,0.11,"",4599292000
705000,0.89,"",4599295000
702000,1.55,"",4599298000
699000,1.92,"",4599301000
696000,0.93,"",4599304000
693000,1.07,"",4599307000
690000,0,"",4599310000
687000,-1.63,"",4599313000
684000,-0.16,"",4599316000
681000,-1.54,"",4599319000
678000,-3.04,"",4599322000
675000,-2.1,"",4599325000
672000,-2.06,"",4599328000
669000,-3.23,"",4599331000
666000,-2.04,"",4599334000
663000,-2.18,"",4599337000
660000,-3.05,"",4599340000
657000,-2.86,"",4599343000
654000,-3.18,"",4599346000
651000,-3,"",4599349000
648000,-3.28,"",4599352000
645000,-3.17,"",4599355000
642000,-2.91,"",4599358000
639000,-2.92,"",4599361000
636000,-2.53,"",4599364000
633000,-3.04,"",4599367000
630000,-2.79,"",4599370000
627000,-0.81,"",4599373000
624000,-0.42,"",4599376000
621000,0.85,"",4599379000
618000,1.47,"",4599382000
615000,1.79,"",4599385000
612000,1.53,"",4599388000
609000,0.37,"",4599391000
606000,0.29,"",4599394000
603000,0.48,"",4599397000
600000,-0.51,"",4599400000
597000,-0.48,"",4599403000
594000,0.66,"",4599406000
591000,-0.12,"",4599409000
588000,-0.26,"",4599412000
585000,-0.68,"",4599415000
582000,-0.72,"",4599418000
579000,0.27,"",4599421000
576000,0.85,"",4599424000
573000,0.03,"",4599427000
570000,-0.93,"",4599430000
567000,-1.58,"",4599433000
564000,-2.43,"",4599436000
561000,-2.23,"",4599439000
558000,-2.13,"",4599442000
555000,-1.37,"",4599445000
552000,-3.78,"",4599448000
549000,-3.1,"",4599451000
546000,-3.08,"",4599454000
543000,-2.88,"",4599457000
540000,-3.48,"",4599460000
537000,-2.25,"",4599463000
534000,-3.28,"",4599466000
531000,-0.6,"",4599469000
528000,0.06,"",4599472000
525000,-0.16,"",4599475000
522000,-0.27,"",4599478000
519000,-0.37,"",4599481000
516000,-0.54,"",4599484000
513000,0,"",4599487000
510000,-0.58,"",4599490000
507000,0.4,"",4599493000
504000,0.02,"",4599496000
501000,0.41,"",4599499000
498000,-0.02,"",4599502000
495000,0.44,"",4599505000
492000,-0.24,"",4599508000
489000,-0.75,"",4599511000
486000,-2.38,"",4599514000
483000,-1.91,"",4599517000
480000,-3.32,"",4599520000
477000,-3.15,"",4599523000
474000,-4.81,"",4599526000
471000,-4.36,"",4599529000
468000,-4.86,"",4599532000
465000,-4.19,"",4599535000
462000,-4.32,"",4599538000
459000,-4.58,"",4599541000
456000,-3.23,"",4599544000
453000,-2.67,"",4599547000
450000,-3.17,"",4599550000
447000,-2.73,"",4599553000
444000,-3.03,"",4599556000
441000,-3.89,"",4599559000
438000,-4.65,"",4599562000
435000,-4.1,"",4599565000
432000,-2.98,"",4599568000
429000,-1.66,"",4599571000
426000,-0.58,"",4599574000
423000,-0.17,"",4599577000
420000,0.8,"",4599580000
417000,0.84,"",4599583000
414000,1.5,"",4599586000
411000,1.27,"",4599589000
408000,1.66,"",4599592000
405000,1.23,"",4599595000
402000,0.25,"",4599598000
399000,-0.44,"",4599601000
396000,-0.94,"",4599604000
393000,-2.61,"",4599607000
390000,-2.55,"",4599610000
387000,-2.92,"",4599613000
384000,-2.74,"",4599616000
381000,-3.4,"",4599619000
378000,-2.94,"",4599622000
375000,-4.27,"",4599625000
372000,-4.96,"",4599628000
369000,-4.19,"",4599631000
366000,-3.96,"",4599634000
363000,-4.03,"",4599637000
360000,-3.81,"",4599640000
357000,-3.93,"",4599643000
354000,-3.54,"",4599646000
351000,-3.65,"",4599649000
348000,-3.12,"",4599652000
345000,-2.89,"",4599655000
342000,-2.85,"",4599658000
339000,-2.9,"",4599661000
336000,-0.12,"",4599664000
333000,1,"",4599667000
330000,1.64,"",4599670000
327000,0.95,"",4599673000
324000,0.74,"",4599676000
321000,0.11,"",4599679000
318000,-0.71,"",4599682000
315000,-0.72,"",4599685000
312000,-0.54,"",4599688000
309000,-0.68,"",4599691000
306000,-1.41,"",4599694000
303000,-1.45,"",4599697000
300000,-1.84,"",4599700000
297000,-1.77,"",4599703000
294000,-2.42,"",4599706000
291000,-1.57,"",4599709000
288000,-0.96,"",4599712000
285000,-1.09,"",4599715000
282000,-1.99,"",4599718000
279000,-2.28,"",4599721000
276000,-2.99,"",4599724000
273000,-3.35,"",4599727000
270000,-3.54,"",4599730000
267000,-3.47,"",4599733000
264000,-3.37,"",4599736000
261000,-2.79,"",4599739000
258000,-2.73,"",4599742000
255000,-2.63,"",4599745000
252000,-2.53,"",4599748000
249000,-1.49,"",4599751000
246000,-0.81,"",4599754000
243000,0.43,"",4599757000
240000,1.37,"",4599760000
237000,0.08,"",4599763000
234000,-0.63,"",4599766000
231000,-1.18,"",4599769000
228000,-1.35,"",4599772000
225000,-1.35,"",4599775000
222000,-0.8,"",4599778000
219000,-0.06,"",4599781000
216000,0.9,"",4599784000
213000,0.29,"",4599787000
210000,0.23,"",4599790000
207000,-0.51,"",4599793000
204000,-0.37,"",4599796000
201000,-0.45,"",4599799000
198000,-0.87,"",4599802000
195000,-1.2,"",4599805000
192000,-1.71,"",4599808000
189000,-2.37,"",4599811000
186000,-2.42,"",4599814000
183000,-2.17,"",4599817000
180000,-2.45,"",4599820000
177000,-2.33,"",4599823000
174000,-2.51,"",4599826000
171000,-2.31,"",4599829000
168000,-2.57,"",4599832000
165000,-3.07,"",4599835000
162000,-2.65,"",4599838000
159000,-2.78,"",4599841000
156000,-2.88,"",4599844000
153000,-2.27,"",4599847000
150000,-2.54,"",4599850000
147000,-2.41,"",4599853000
144000,-2.52,"",4599856000
141000,-2.72,"",4599859000
138000,-2.46,"",4599862000
135000,-1.09,"",4599865000
132000,0.35,"",4599868000
129000,1.7,"",4599871000
126000,2.54,"",4599874000
123000,2.68,"",4599877000
120000,1.81,"",4599880000
117000,0.78,"",4599883000
114000,-0.25,"",4599886000
111000,-1.04,"",4599889000
108000,-0.72,"",4599892000
105000,-0.28,"",4599895000
102000,-0.21,"",4599898000
99000,-0.43,"",4599901000
96000,-0.46,"",4599904000
93000,-1.18,"",4599907000
90000,-1.4,"",4599910000
87000,-1.47,"",4599913000
84000,-0.8,"",4599916000
81000,-0.77,"",4599919000
78000,-1.43,"",4599922000
75000,-2.15,"",4599925000
72000,-2.55,"",4599928000
69000,-3.25,"",4599931000
66000,-3.4,"",4599934000
63000,-3.48,"",4599937000
60000,-2.56,"",4599940000
57000,-2.36,"",4599943000
54000,-2.89,"",4599946000
51000,-2.71,"",4599949000
48000,-3.27,"",4599952000
45000,-3.66,"",4599955000
42000,-3.62,"",4599958000
39000,-3.27,"",4599961000
36000,-3.45,"",4599964000
33000,-3.81,"",4599967000
30000,-3.79,"",4599970000
27000,-3.76,"",4599973000
24000,-3.68,"",4599976000
22119,-4.15,"",4599977881
22019,-4.17,"",4599977981
21919,-4.18,"",4599978081
21819,-4.19,"",4599978181
21719,-4.19,"",4599978281
21619,-4.19,"",4599978381
21519,-4.19,"",4599978481
21419,-4.17,"",4599978581
21319,-4.15,"",4599978681
21219,-4.14,"",4599978781
21119,-4.13,"",4599978881
21019,-4.12,"",4599978981
20919,-4.12,"",4599979081
20819,-4.1,"",4599979181
20719,-4.09,"",4599979281
20619,-4.08,"",4599979381
20519,-4.06,"",4599979481
20419,-4.05,"",4599979581
20319,-4.04,"",4599979681
20219,-4.02,"",4599979781
20119,-4.01,"",4599979881
20019,-4.01,"",4599979981
19919,-3.99,"",4599980081
19819,-3.97,"",4599980181
19719,-3.96,"",4599980281
19619,-3.97,"",4599980381
19519,-4,"",4599980481
19419,-4.02,"",4599980581
19319,-4.01,"",4599980681
19219,-4,"",4599980781
19119,-4,"",4599980881
19019,-4.01,"",4599980981
18919,-4,"",4599981081
18819,-3.97,"",4599981181
18719,-3.95,"",4599981281
18619,-3.92,"",4599981381
18519,-3.91,"",4599981481
18419,-3.9,"",4599981581
18319,-3.88,"",4599981681
18219,-3.86,"",4599981781
18119,-3.83,"",4599981881
18019,-3.81,"",4599981981
17919,-3.78,"",4599982081
17819,-3.77,"",4599982181
17719,-3.75,"",4599982281
17619,-3.74,"",4599982381
17519,-3.73,"",4599982481
17419,-3.72,"",4599982581
17319,-3.72,"",4599982681
17219,-3.68,"",4599982781
17119,-3.61,"",4599982881
17019,-3.56,"",4599982981
16919,-3.53,"",4599983081
16819,-3.5,"",4599983181
16719,-3.44,"",4599983281
16619,-3.39,"",4599983381
16519,-3.34,"",4599983481
16419,-3.29,"",4599983581
16319,-3.24,"",4599983681
16219,-3.19,"",4599983781
16119,-3.13,"",4599983881
16019,-3.08,"",4599983981
15919,-3.04,"",4599984081
15819,-2.99,"",4599984181
15719,-2.95,"",4599984281
15619,-2.9,"",4599984381
15519,-2.85,"",4599984481
15419,-2.81,"",4599984581
15319,-2.77,"",4599984681
15219,-2.72,"",4599984781
15119,-2.67,"",4599984881
15019,-2.61,"",4599984981
14919,-2.5,"",4599985081
14819,-2.37,"",4599985181
14719,-2.22,"",4599985281
14619,-2.05,"",4599985381
14519,-1.91,"",4599985481
14419,-1.81,"",4599985581
14319,-1.73,"",4599985681
14219,-1.68,"",4599985781
14119,-1.65,"",4599985881
14019,-1.61,"",4599985981
13919,-1.55,"",4599986081
13819,-1.5,"",4599986181
13719,-1.47,"",4599986281
13619,-1.44,"",4599986381
13519,-1.42,"",4599986481
13419,-1.46,"",4599986581
13319,-1.52,"",4599986681
13219,-1.59,"",4599986781
13119,-1.63,"",4599986881
13019,-1.66,"",4599986981
12919,-1.72,"",4599987081
12819,-1.75,"",4599987181
12719,-1.77,"",4599987281
12619,-1.74,"",4599987381
12519,-1.65,"",4599987481
12419,-1.54,"",4599987581
12319,-1.44,"",4599987681
12219,-1.39,"",4599987781
12119,-1.32,"",4599987881
12019,-1.23,"",4599987981
11919,-1.14,"",4599988081
11819,-1.01,"",4599988181
11719,-0.81,"",4599988281
11619,-0.65,"",4599988381
11519,-0.53,"",4599988481
11419,-0.43,"",4599988581
11319,-0.32,"",4599988681
11219,-0.23,"",4599988781
11119,-0.14,"",4599988881
11019,-0.04,"",4599988981
10919,0.06,"",4599989081
10819,0.15,"",4599989181
10719,0.23,"",4599989281
10619,0.27,"",4599989381
10519,0.3,"",4599989481
10419,0.3,"",4599989581
10319,0.32,"",4599989681
10219,0.37,"",4599989781
10119,0.43,"",4599989881
10019,0.48,"",4599989981
9919,0.52,"",4599990081
9819,0.54,"",4599990181
9719,0.55,"",4599990281
9619,0.57,"",4599990381
9519,0.59,"",4599990481
9419,0.61,"",4599990581
9319,0.61,"",4599990681
9219,0.61,"",4599990781
9119,0.62,"",4599990881
9019,0.63,"",4599990981
8919,0.63,"",4599991081
8819,0.63,"",4599991181
8719,0.63,"",4599991281
8619,0.63,"",4599991381
8519,0.62,"",4599991481
8419,0.59,"",4599991581
8319,0.55,"",4599991681
8219,0.54,"",4599991781
8119,0.59,"",4599991881
8019,0.57,"",4599991981
7919,0.57,"",4599992081
7819,0.59,"",4599992181
7719,0.62,"",4599992281
7619,0.62,"",4599992381
7519,0.59,"",4599992481
7419,0.59,"",4599992581
7319,0.62,"",4599992681
7219,0.66,"",4599992781
7119,0.68,"",4599992881
7019,0.68,"",4599992981
6919,0.65,"",4599993081
6819,0.62,"",4599993181
6719,0.61,"",4599993281
6619,0.58,"",4599993381
6519,0.57,"",4599993481
6419,0.58,"",4599993581
6319,0.58,"",4599993681
6219,0.59,"",4599993781
6119,0.57,"",4599993881
6019,0.54,"",4599993981
5919,0.55,"",4599994081
5819,0.58,"",4599994181
5719,0.58,"",4599994281
5619,0.57,"",4599994381
5519,0.57,"",4599994481
5419,0.58,"",4599994581
5319,0.58,"",4599994681
5219,0.57,"",4599994781
5119,0.55,"",4599994881
5019,0.54,"",4599994981
4919,0.52,"",4599995081
4819,0.46,"",4599995181
4719,0.44,"",4599995281
4619,0.46,"",4599995381
4519,0.45,"",4599995481
4419,0.41,"",4599995581
4319,0.41,"",4599995681
4219,0.4,"",4599995781
4119,0.35,"",4599995881
4019,0.34,"",4599995981
3919,0.32,"",4599996081
3819,0.32,"",4599996181
3719,0.3,"",4599996281
3619,0.23,"",4599996381
3519,0.25,"",4599996481
3419,0.23,"",4599996581
3319,0.17,"",4599996681
3219,0.17,"",4599996781
3119,0.17,"",4599996881
3019,0.18,"",4599996981
2919,0.18,"",4599997081
2819,0.14,"",4599997181
2719,0.13,"",4599997281
2619,0.1,"",4599997381
2519,0.1,"",4599997481
2419,0.08,"",4599997581
2319,0.09,"",4599997681
2219,0.08,"",4599997781
2119,0.06,"",4599997881
2019,-0.29,"",4599997981
2018,-0.21,"",4599997982
2017,-0.14,"",4599997983
2016,-0.14,"",4599997984
2015,-0.21,"",4599997985
2014,-0.32,"",4599997986
2013,-0.47,"",4599997987
2012,-0.5,"",4599997988
2011,-0.45,"",4599997989
2010,-0.42,"",4599997990
2009,-0.42,"",4599997991
2008,-0.41,"",4599997992
2007,-0.47,"",4599997993
2006,-0.66,"",4599997994
2005,-0.87,"",4599997995
2004,-0.82,"",4599997996
2003,-0.52,"",4599997997
2002,-0.28,"",4599997998
2001,-0.34,"",4599997999
2000,-0.5,"",4599998000
1999,-0.53,"",4599998001
1998,-0.47,"",4599998002
1997,-0.39,"",4599998003
1996,-0.25,"",4599998004
1995,-0.08,"",4599998005
1994,0.03,"",4599998006
1993,-0.05,"",4599998007
1992,-0.26,"",4599998008
1991,-0.38,"",4599998009
1990,-0.35,"",4599998010
1989,-0.28,"",4599998011
1988,-0.13,"",4599998012
1987,0.02,"",4599998013
1986,0.1,"",4599998014
1985,0.09,"",4599998015
1984,-0.11,"",4599998016
1983,-0.33,"",4599998017
1982,-0.27,"",4599998018
1981,-0.13,"",4599998019
1980,-0.13,"",4599998020
1979,-0.18,"",4599998021
1978,-0.28,"",4599998022
1977,-0.39,"",4599998023
1976,-0.47,"",4599998024
1975,-0.49,"",4599998025
1974,-0.48,"",4599998026
1973,-0.45,"",4599998027
1972,-0.38,"",4599998028
1971,-0.27,"",4599998029
1970,-0.2,"",4599998030
1969,-0.27,"",4599998031
1968,-0.4,"",4599998032
1967,-0.41,"",4599998033
1966,-0.27,"",4599998034
1965,-0.28,"",4599998035
1964,-0.39,"",4599998036
1963,-0.39,"",4599998037
1962,-0.36,"",4599998038
1961,-0.36,"",4599998039
1960,-0.32,"",4599998040
1959,-0.28,"",4599998041
1958,-0.29,"",4599998042
1957,-0.32,"",4599998043
1956,-0.4,"",4599998044
1955,-0.47,"",4599998045
1954,-0.44,"",4599998046
1953,-0.44,"",4599998047
1952,-0.49,"",4599998048
1951,-0.53,"",4599998049
1950,-0.55,"",4599998050
1949,-0.52,"",4599998051
1948,-0.41,"",4599998052
1947,-0.35,"",4599998053
1946,-0.37,"",4599998054
1945,-0.35,"",4599998055
1944,-0.28,"",4599998056
1943,-0.19,"",4599998057
1942,-0.15,"",4599998058
1941,-0.11,"",4599998059
1940,-0.09,"",4599998060
1939,-0.13,"",4599998061
1938,-0.26,"",4599998062
1937,-0.39,"",4599998063
1936,-0.46,"",4599998064
1935,-0.52,"",4599998065
1934,-0.58,"",4599998066
1933,-0.54,"",4599998067
1932,-0.3,"",4599998068
1931,-0.08,"",4599998069
1930,-0.06,"",4599998070
1929,-0.12,"",4599998071
1928,-0.17,"",4599998072
1927,-0.25,"",4599998073
1926,-0.29,"",4599998074
1925,-0.2,"",4599998075
1924,-0.06,"",4599998076
1923,-0.06,"",4599998077
1922,-0.14,"",4599998078
1921,-0.28,"",4599998079
1920,-0.44,"",4599998080
1919,-0.4,"",4599998081
1918,-0.25,"",4599998082
1917,-0.18,"",4599998083
1916,-0.16,"",4599998084
1915,-0.15,"",4599998085
1914,-0.16,"",4599998086
1913,-0.19,"",4599998087
1912,-0.35,"",4599998088
1911,-0.47,"",4599998089
1910,-0.28,"",4599998090
1909,-0.18,"",4599998091
1908,-0.27,"",4599998092
1907,-0.24,"",4599998093
1906,-0.12,"",4599998094
1905,-0.06,"",4599998095
1904,-0.14,"",4599998096
1903,-0.29,"",4599998097
1902,-0.36,"",4599998098
1901,-0.28,"",4599998099
1900,-0.13,"",4599998100
1899,-0.09,"",4599998101
1898,-0.24,"",4599998102
1897,-0.33,"",4599998103
1896,-0.2,"",4599998104
1895,-0.12,"",4599998105
1894,-0.18,"",4599998106
1893,-0.18,"",4599998107
1892,-0.08,"",4599998108
1891,-0.01,"",4599998109
1890,-0.02,"",4599998110
1889,-0.09,"",4599998111
1888,-0.15,"",4599998112
1887,-0.21,"",4599998113
1886,-0.21,"",4599998114
1885,-0.2,"",4599998115
1884,-0.23,"",4599998116
1883,-0.22,"",4599998117
1882,-0.16,"",4599998118
1881,-0.19,"",4599998119
1880,-0.27,"",4599998120
1879,-0.29,"",4599998121
1878,-0.34,"",4599998122
1877,-0.39,"",4599998123
1876,-0.39,"",4599998124
1875,-0.41,"",4599998125
1874,-0.43,"",4599998126
1873,-0.36,"",4599998127
1872,-0.18,"",4599998128
1871,-0.17,"",4599998129
1870,-0.41,"",4599998130
1869,-0.59,"",4599998131
1868,-0.51,"",4599998132
1867,-0.32,"",4599998133
1866,-0.19,"",4599998134
1865,-0.11,"",4599998135
1864,-0.02,"",4599998136
1863,-0.02,"",4599998137
1862,-0.11,"",4599998138
1861,-0.17,"",4599998139
1860,-0.16,"",4599998140
1859,-0.12,"",4599998141
1858,-0.09,"",4599998142
1857,-0.15,"",4599998143
1856,-0.3,"",4599998144
1855,-0.35,"",4599998145
1854,-0.23,"",4599998146
1853,-0.21,"",4599998147
1852,-0.33,"",4599998148
1851,-0.34,"",4599998149
1850,-0.27,"",4599998150
1849,-0.33,"",4599998151
1848,-0.43,"",4599998152
1847,-0.47,"",4599998153
1846,-0.54,"",4599998154
1845,-0.61,"",4599998155
1844,-0.58,"",4599998156
1843,-0.5,"",4599998157
1842,-0.46,"",4599998158
1841,-0.44,"",4599998159
1840,-0.39,"",4599998160
1839,-0.38,"",4599998161
1838,-0.31,"",4599998162
1837,-0.23,"",4599998163
1836,-0.16,"",4599998164
1835,-0.11,"",4599998165
1834,-0.12,"",4599998166
1833,-0.15,"",4599998167
1832,-0.23,"",4599998168
1831,-0.32,"",4599998169
1830,-0.3,"",4599998170
1829,-0.2,"",4599998171
1828,-0.12,"",4599998172
1827,-0.1,"",4599998173
1826,-0.17,"",4599998174
1825,-0.32,"",4599998175
1824,-0.42,"",4599998176
1823,-0.41,"",4599998177
1822,-0.32,"",4599998178
1821,-0.28,"",4599998179
1820,-0.35,"",4599998180
1819,-0.39,"",4599998181
1818,-0.3,"",4599998182
1817,-0.15,"",4599998183
1816,-0.08,"",4599998184
1815,-0.1,"",4599998185
1814,-0.18,"",4599998186
1813,-0.37,"",4599998187
1812,-0.53,"",4599998188
1811,-0.54,"",4599998189
1810,-0.51,"",4599998190
1809,-0.39,"",4599998191
1808,-0.2,"",4599998192
1807,-0.18,"",4599998193
1806,-0.32,"",4599998194
1805,-0.37,"",4599998195
1804,-0.28,"",4599998196
1803,-0.22,"",4599998197
1802,-0.29,"",4599998198
1801,-0.38,"",4599998199
1800,-0.42,"",4599998200
1799,-0.39,"",4599998201
1798,-0.34,"",4599998202
1797,-0.34,"",4599998203
1796,-0.34,"",4599998204
1795,-0.35,"",4599998205
1794,-0.34,"",4599998206
1793,-0.26,"",4599998207
1792,-0.18,"",4599998208
1791,-0.22,"",4599998209
1790,-0.29,"",4599998210
1789,-0.24,"",4599998211
1788,-0.15,"",4599998212
1787,-0.22,"",4599998213
1786,-0.45,"",4599998214
1785,-0.66,"",4599998215
1784,-0.63,"",4599998216
1783,-0.42,"",4599998217
1782,-0.36,"",4599998218
1781,-0.31,"",4599998219
1780,-0.18,"",4599998220
1779,-0.11,"",4599998221
1778,-0.15,"",4599998222
1777,-0.22,"",4599998223
1776,-0.19,"",4599998224
1775,-0.07,"",4599998225
1774,-0.01,"",4599998226
1773,-0.08,"",4599998227
1772,-0.16,"",4599998228
1771,-0.18,"",4599998229
1770,-0.21,"",4599998230
1769,-0.24,"",4599998231
1768,-0.21,"",4599998232
1767,-0.22,"",4599998233
1766,-0.34,"",4599998234
1765,-0.45,"",4599998235
1764,-0.35,"",4599998236
1763,-0.22,"",4599998237
1762,-0.15,"",4599998238
1761,-0.05,"",4599998239
1760,-0.06,"",4599998240
1759,-0.25,"",4599998241
1758,-0.32,"",4599998242
1757,-0.19,"",4599998243
1756,-0.05,"",4599998244
1755,-0.03,"",4599998245
1754,-0.07,"",4599998246
1753,-0.14,"",4599998247
1752,-0.22,"",4599998248
1751,-0.22,"",4599998249
1750,-0.17,"",4599998250
1749,-0.14,"",4599998251
1748,-0.17,"",4599998252
1747,-0.27,"",4599998253
1746,-0.37,"",4599998254
1745,-0.26,"",4599998255
1744,-0.1,"",4599998256
1743,-0.12,"",4599998257
1742,-0.21,"",4599998258
1741,-0.16,"",4599998259
1740,0,"",4599998260
1739,0.09,"",4599998261
1738,0,"",4599998262
1737,-0.08,"",4599998263
1736,-0.02,"",4599998264
1735,0.05,"",4599998265
1734,0.09,"",4599998266
1733,0.12,"",4599998267
1732,0.11,"",4599998268
1731,0.02,"",4599998269
1730,-0.08,"",4599998270
1729,-0.17,"",4599998271
1728,-0.29,"",4599998272
1727,-0.49,"",4599998273
1726,-0.53,"",4599998274
1725,-0.26,"",4599998275
1724,-0.08,"",4599998276
1723,-0.15,"",4599998277
1722,-0.24,"",4599998278
1721,-0.24,"",4599998279
1720,-0.22,"",4599998280
1719,-0.21,"",4599998281
1718,-0.18,"",4599998282
1717,-0.18,"",4599998283
1716,-0.32,"",4599998284
1715,-0.54,"",4599998285
1714,-0.6,"",4599998286
1713,-0.49,"",4599998287
1712,-0.37,"",4599998288
1711,-0.28,"",4599998289
1710,-0.18,"",4599998290
1709,-0.16,"",4599998291
1708,-0.25,"",4599998292
1707,-0.3,"",4599998293
1706,-0.31,"",4599998294
1705,-0.37,"",4599998295
1704,-0.42,"",4599998296
1703,-0.39,"",4599998297
1702,-0.36,"",4599998298
1701,-0.45,"",4599998299
1700,-0.69,"",4599998300
1699,-0.82,"",4599998301
1698,-0.73,"",4599998302
1697,-0.68,"",4599998303
1696,-0.65,"",4599998304
1695,-0.52,"",4599998305
1694,-0.37,"",4599998306
1693,-0.3,"",4599998307
1692,-0.35,"",4599998308
1691,-0.34,"",4599998309
1690,-0.21,"",4599998310
1689,-0.13,"",4599998311
1688,-0.19,"",4599998312
1687,-0.32,"",4599998313
1686,-0.39,"",4599998314
1685,-0.41,"",4599998315
1684,-0.42,"",4599998316
1683,-0.4,"",4599998317
1682,-0.37,"",4599998318
1681,-0.41,"",4599998319
1680,-0.43,"",4599998320
1679,-0.36,"",4599998321
1678,-0.29,"",4599998322
1677,-0.31,"",4599998323
1676,-0.37,"",4599998324
1675,-0.33,"",4599998325
1674,-0.26,"",4599998326
1673,-0.28,"",4599998327
1672,-0.3,"",4599998328
1671,-0.21,"",4599998329
1670,-0.13,"",4599998330
1669,-0.19,"",4599998331
1668,-0.32,"",4599998332
1667,-0.34,"",4599998333
1666,-0.24,"",4599998334
1665,-0.18,"",4599998335
1664,-0.2,"",4599998336
1663,-0.19,"",4599998337
1662,-0.19,"",4599998338
1661,-0.18,"",4599998339
1660,-0.17,"",4599998340
1659,-0.18,"",4599998341
1658,-0.1,"",4599998342
1657,-0.07,"",4599998343
1656,-0.08,"",4599998344
1655,-0.09,"",4599998345
1654,-0.12,"",4599998346
1653,-0.17,"",4599998347
1652,-0.35,"",4599998348
1651,-0.63,"",4599998349
1650,-0.61,"",4599998350
1649,-0.35,"",4599998351
1648,-0.2,"",4599998352
1647,-0.21,"",4599998353
1646,-0.23,"",4599998354
1645,-0.28,"",4599998355
1644,-0.41,"",4599998356
1643,-0.52,"",4599998357
1642,-0.5,"",4599998358
1641,-0.4,"",4599998359
1640,-0.32,"",4599998360
1639,-0.33,"",4599998361
1638,-0.42,"",4599998362
1637,-0.44,"",4599998363
1636,-0.36,"",4599998364
1635,-0.35,"",4599998365
1634,-0.41,"",4599998366
1633,-0.33,"",4599998367
1632,-0.24,"",4599998368
1631,-0.22,"",4599998369
1630,-0.25,"",4599998370
1629,-0.19,"",4599998371
1628,-0.07,"",4599998372
1627,-0.05,"",4599998373
1626,-0.12,"",4599998374
1625,-0.13,"",4599998375
1624,-0.12,"",4599998376
1623,-0.12,"",4599998377
1622,-0.12,"",4599998378
1621,-0.18,"",4599998379
1620,-0.22,"",4599998380
1619,-0.21,"",4599998381
1618,-0.25,"",4599998382
1617,-0.32,"",4599998383
1616,-0.28,"",4599998384
1615,-0.19,"",4599998385
1614,-0.18,"",4599998386
1613,-0.19,"",4599998387
1612,-0.19,"",4599998388
1611,-0.23,"",4599998389
1610,-0.3,"",4599998390
1609,-0.39,"",4599998391
1608,-0.46,"",4599998392
1607,-0.47,"",4599998393
1606,-0.43,"",4599998394
1605,-0.4,"",4599998395
1604,-0.39,"",4599998396
1603,-0.32,"",4599998397
1602,-0.34,"",4599998398
1601,-0.44,"",4599998399
1600,-0.49,"",4599998400
1599,-0.48,"",4599998401
1598,-0.43,"",4599998402
1597,-0.39,"",4599998403
1596,-0.38,"",4599998404
1595,-0.39,"",4599998405
1594,-0.35,"",4599998406
1593,-0.27,"",4599998407
1592,-0.2,"",4599998408
1591,-0.2,"",4599998409
1590,-0.25,"",4599998410
1589,-0.27,"",4599998411
1588,-0.16,"",4599998412
1587,-0.09,"",4599998413
1586,-0.14,"",4599998414
1585,-0.23,"",4599998415
1584,-0.39,"",4599998416
1583,-0.43,"",4599998417
1582,-0.27,"",4599998418
1581,-0.2,"",4599998419
1580,-0.31,"",4599998420
1579,-0.52,"",4599998421
1578,-0.64,"",4599998422
1577,-0.46,"",4599998423
1576,-0.26,"",4599998424
1575,-0.29,"",4599998425
1574,-0.46,"",4599998426
1573,-0.48,"",4599998427
1572,-0.44,"",4599998428
1571,-0.43,"",4599998429
1570,-0.38,"",4599998430
1569,-0.33,"",4599998431
1568,-0.21,"",4599998432
1567,-0.1,"",4599998433
1566,-0.15,"",4599998434
1565,-0.23,"",4599998435
1564,-0.18,"",4599998436
1563,-0.11,"",4599998437
1562,-0.1,"",4599998438
1561,-0.1,"",4599998439
1560,-0.12,"",4599998440
1559,-0.17,"",4599998441
1558,-0.27,"",4599998442
1557,-0.41,"",4599998443
1556,-0.46,"",4599998444
1555,-0.41,"",4599998445
1554,-0.42,"",4599998446
1553,-0.45,"",4599998447
1552,-0.41,"",4599998448
1551,-0.35,"",4599998449
1550,-0.32,"",4599998450
1549,-0.33,"",4599998451
1548,-0.34,"",4599998452
1547,-0.37,"",4599998453
1546,-0.39,"",4599998454
1545,-0.33,"",4599998455
1544,-0.26,"",4599998456
1543,-0.25,"",4599998457
1542,-0.27,"",4599998458
1541,-0.28,"",4599998459
1540,-0.26,"",4599998460
1539,-0.28,"",4599998461
1538,-0.31,"",4599998462
1537,-0.3,"",4599998463
1536,-0.3,"",4599998464
1535,-0.35,"",4599998465
1534,-0.41,"",4599998466
1533,-0.42,"",4599998467
1532,-0.43,"",4599998468
1531,-0.4,"",4599998469
1530,-0.38,"",4599998470
1529,-0.35,"",4599998471
1528,-0.27,"",4599998472
1527,-0.23,"",4599998473
1526,-0.21,"",4599998474
1525,-0.19,"",4599998475
1524,-0.27,"",4599998476
1523,-0.37,"",4599998477
1522,-0.35,"",4599998478
1521,-0.33,"",4599998479
1520,-0.41,"",4599998480
1519,-0.44,"",4599998481
1518,-0.34,"",4599998482
1517,-0.25,"",4599998483
1516,-0.28,"",4599998484
1515,-0.37,"",4599998485
1514,-0.46,"",4599998486
1513,-0.43,"",4599998487
1512,-0.26,"",4599998488
1511,-0.08,"",4599998489
1510,-0.01,"",4599998490
1509,-0.09,"",4599998491
1508,-0.26,"",4599998492
1507,-0.36,"",4599998493
1506,-0.34,"",4599998494
1505,-0.3,"",4599998495
1504,-0.33,"",4599998496
1503,-0.42,"",4599998497
1502,-0.44,"",4599998498
1501,-0.38,"",4599998499
1500,-0.3,"",4599998500
1499,-0.21,"",4599998501
1498,-0.15,"",4599998502
1497,-0.2,"",4599998503
1496,-0.29,"",4599998504
1495,-0.3,"",4599998505
1494,-0.27,"",4599998506
1493,-0.32,"",4599998507
1492,-0.38,"",4599998508
1491,-0.34,"",4599998509
1490,-0.31,"",4599998510
1489,-0.33,"",4599998511
1488,-0.25,"",4599998512
1487,-0.21,"",4599998513
1486,-0.36,"",4599998514
1485,-0.63,"",4599998515
1484,-0.76,"",4599998516
1483,-0.62,"",4599998517
1482,-0.48,"",4599998518
1481,-0.52,"",4599998519
1480,-0.58,"",4599998520
1479,-0.65,"",4599998521
1478,-0.72,"",4599998522
1477,-0.75,"",4599998523
1476,-0.77,"",4599998524
1475,-0.76,"",4599998525
1474,-0.7,"",4599998526
1473,-0.58,"",4599998527
1472,-0.4,"",4599998528
1471,-0.29,"",4599998529
1470,-0.27,"",4599998530
1469,-0.27,"",4599998531
1468,-0.34,"",4599998532
1467,-0.55,"",4599998533
1466,-0.69,"",4599998534
1465,-0.49,"",4599998535
1464,-0.22,"",4599998536
1463,-0.14,"",4599998537
1462,-0.13,"",4599998538
1461,-0.04,"",4599998539
1460,0.03,"",4599998540
1459,-0.21,"",4599998541
1458,-0.58,"",4599998542
1457,-0.63,"",4599998543
1456,-0.41,"",4599998544
1455,-0.31,"",4599998545
1454,-0.27,"",4599998546
1453,-0.19,"",4599998547
1452,-0.27,"",4599998548
1451,-0.44,"",4599998549
1450,-0.45,"",4599998550
1449,-0.33,"",4599998551
1448,-0.26,"",4599998552
1447,-0.23,"",4599998553
1446,-0.21,"",4599998554
1445,-0.2,"",4599998555
1444,-0.21,"",4599998556
1443,-0.2,"",4599998557
1442,-0.2,"",4599998558
1441,-0.26,"",4599998559
1440,-0.3,"",4599998560
1439,-0.21,"",4599998561
1438,-0.08,"",4599998562
1437,-0.05,"",4599998563
1436,-0.06,"",4599998564
1435,-0.01,"",4599998565
1434,0.05,"",4599998566
1433,-0.03,"",4599998567
1432,-0.2,"",4599998568
1431,-0.35,"",4599998569
1430,-0.45,"",4599998570
1429,-0.38,"",4599998571
1428,-0.12,"",4599998572
1427,-0.03,"",4599998573
1426,-0.15,"",4599998574
1425,-0.25,"",4599998575
1424,-0.3,"",4599998576
1423,-0.29,"",4599998577
1422,-0.27,"",4599998578
1421,-0.23,"",4599998579
1420,-0.15,"",4599998580
1419,-0.17,"",4599998581
1418,-0.26,"",4599998582
1417,-0.29,"",4599998583
1416,-0.21,"",4599998584
1415,-0.21,"",4599998585
1414,-0.27,"",4599998586
1413,-0.28,"",4599998587
1412,-0.3,"",4599998588
1411,-0.39,"",4599998589
1410,-0.5,"",4599998590
1409,-0.51,"",4599998591
1408,-0.39,"",4599998592
1407,-0.29,"",4599998593
1406,-0.34,"",4599998594
1405,-0.4,"",4599998595
1404,-0.34,"",4599998596
1403,-0.25,"",4599998597
1402,-0.26,"",4599998598
1401,-0.36,"",4599998599
1400,-0.42,"",4599998600
1399,-0.39,"",4599998601
1398,-0.33,"",4599998602
1397,-0.32,"",4599998603
1396,-0.35,"",4599998604
1395,-0.46,"",4599998605
1394,-0.57,"",4599998606
1393,-0.51,"",4599998607
1392,-0.35,"",4599998608
1391,-0.32,"",4599998609
1390,-0.36,"",4599998610
1389,-0.3,"",4599998611
1388,-0.23,"",4599998612
1387,-0.25,"",4599998613
1386,-0.3,"",4599998614
1385,-0.32,"",4599998615
1384,-0.32,"",4599998616
1383,-0.33,"",4599998617
1382,-0.42,"",4599998618
1381,-0.51,"",4599998619
1380,-0.48,"",4599998620
1379,-0.38,"",4599998621
1378,-0.35,"",4599998622
1377,-0.45,"",4599998623
1376,-0.62,"",4599998624
1375,-0.63,"",4599998625
1374,-0.43,"",4599998626
1373,-0.32,"",4599998627
1372,-0.35,"",4599998628
1371,-0.33,"",4599998629
1370,-0.32,"",4599998630
1369,-0.37,"",4599998631
1368,-0.3,"",4599998632
1367,-0.21,"",4599998633
1366,-0.12,"",4599998634
1365,-0.03,"",4599998635
1364,-0.05,"",4599998636
1363,-0.14,"",4599998637
1362,-0.21,"",4599998638
1361,-0.28,"",4599998639
1360,-0.33,"",4599998640
1359,-0.28,"",4599998641
1358,-0.15,"",4599998642
1357,-0.13,"",4599998643
1356,-0.21,"",4599998644
1355,-0.18,"",4599998645
1354,-0.1,"",4599998646
1353,-0.11,"",4599998647
1352,-0.19,"",4599998648
1351,-0.26,"",4599998649
1350,-0.2,"",4599998650
1349,-0.04,"",4599998651
1348,0.03,"",4599998652
1347,0.02,"",4599998653
1346,0.08,"",4599998654
1345,0.01,"",4599998655
1344,-0.26,"",4599998656
1343,-0.41,"",4599998657
1342,-0.25,"",4599998658
1341,-0.09,"",4599998659
1340,-0.21,"",4599998660
1339,-0.33,"",4599998661
1338,-0.21,"",4599998662
1337,-0.16,"",4599998663
1336,-0.24,"",4599998664
1335,-0.22,"",4599998665
1334,-0.13,"",4599998666
1333,-0.07,"",4599998667
1332,-0.08,"",4599998668
1331,-0.09,"",4599998669
1330,-0.06,"",4599998670
1329,-0.04,"",4599998671
1328,-0.04,"",4599998672
1327,0,"",4599998673
1326,0.02,"",4599998674
1325,0.01,"",4599998675
1324,-0.02,"",4599998676
1323,-0.1,"",4599998677
1322,-0.27,"",4599998678
1321,-0.3,"",4599998679
1320,-0.09,"",4599998680
1319,0,"",4599998681
1318,-0.06,"",4599998682
1317,0.02,"",4599998683
1316,0.15,"",4599998684
1315,0.09,"",4599998685
1314,-0.12,"",4599998686
1313,-0.26,"",4599998687
1312,-0.2,"",4599998688
1311,-0.11,"",4599998689
1310,-0.1,"",4599998690
1309,-0.14,"",4599998691
1308,-0.14,"",4599998692
1307,-0.13,"",4599998693
1306,-0.14,"",4599998694
1305,-0.11,"",4599998695
1304,-0.13,"",4599998696
1303,-0.22,"",4599998697
1302,-0.3,"",4599998698
1301,-0.35,"",4599998699
1300,-0.34,"",4599998700
1299,-0.2,"",4599998701
1298,-0.06,"",4599998702
1297,-0.02,"",4599998703
1296,-0.05,"",4599998704
1295,-0.09,"",4599998705
1294,-0.13,"",4599998706
1293,-0.17,"",4599998707
1292,-0.19,"",4599998708
1291,-0.17,"",4599998709
1290,-0.06,"",4599998710
1289,0.05,"",4599998711
1288,0.04,"",4599998712
1287,-0.04,"",4599998713
1286,-0.02,"",4599998714
1285,0.06,"",4599998715
1284,0.02,"",4599998716
1283,-0.1,"",4599998717
1282,-0.2,"",4599998718
1281,-0.34,"",4599998719
1280,-0.41,"",4599998720
1279,-0.32,"",4599998721
1278,-0.26,"",4599998722
1277,-0.34,"",4599998723
1276,-0.4,"",4599998724
1275,-0.38,"",4599998725
1274,-0.29,"",4599998726
1273,-0.21,"",4599998727
1272,-0.2,"",4599998728
1271,-0.21,"",4599998729
1270,-0.22,"",4599998730
1269,-0.3,"",4599998731
1268,-0.31,"",4599998732
1267,-0.23,"",4599998733
1266,-0.19,"",4599998734
1265,-0.23,"",4599998735
1264,-0.24,"",4599998736
1263,-0.2,"",4599998737
1262,-0.12,"",4599998738
1261,-0.09,"",4599998739
1260,-0.22,"",4599998740
1259,-0.41,"",4599998741
1258,-0.45,"",4599998742
1257,-0.25,"",4599998743
1256,-0.03,"",4599998744
1255,-0.04,"",4599998745
1254,-0.22,"",4599998746
1253,-0.29,"",4599998747
1252,-0.2,"",4599998748
1251,-0.15,"",4599998749
1250,-0.16,"",4599998750
1249,-0.23,"",4599998751
1248,-0.31,"",4599998752
1247,-0.36,"",4599998753
1246,-0.35,"",4599998754
1245,-0.33,"",4599998755
1244,-0.32,"",4599998756
1243,-0.32,"",4599998757
1242,-0.29,"",4599998758
1241,-0.27,"",4599998759
1240,-0.28,"",4599998760
1239,-0.27,"",4599998761
1238,-0.18,"",4599998762
1237,-0.02,"",4599998763
1236,0.12,"",4599998764
1235,0.14,"",4599998765
1234,0.09,"",4599998766
1233,0.04,"",4599998767
1232,-0.05,"",4599998768
1231,-0.12,"",4599998769
1230,-0.11,"",4599998770
1229,-0.07,"",4599998771
1228,-0.08,"",4599998772
1227,-0.18,"",4599998773
1226,-0.25,"",4599998774
1225,-0.18,"",4599998775
1224,-0.11,"",4599998776
1223,-0.16,"",4599998777
1222,-0.28,"",4599998778
1221,-0.37,"",4599998779
1220,-0.34,"",4599998780
1219,-0.31,"",4599998781
1218,-0.27,"",4599998782
1217,-0.22,"",4599998783
1216,-0.25,"",4599998784
1215,-0.23,"",4599998785
1214,-0.2,"",4599998786
1213,-0.26,"",4599998787
1212,-0.48,"",4599998788
1211,-0.7,"",4599998789
1210,-0.59,"",4599998790
1209,-0.33,"",4599998791
1208,-0.26,"",4599998792
1207,-0.4,"",4599998793
1206,-0.5,"",4599998794
1205,-0.43,"",4599998795
1204,-0.46,"",4599998796
1203,-0.62,"",4599998797
1202,-0.6,"",4599998798
1201,-0.36,"",4599998799
1200,-0.09,"",4599998800
1199,0.07,"",4599998801
1198,0.04,"",4599998802
1197,-0.08,"",4599998803
1196,-0.23,"",4599998804
1195,-0.36,"",4599998805
1194,-0.35,"",4599998806
1193,-0.25,"",4599998807
1192,-0.2,"",4599998808
1191,-0.25,"",4599998809
1190,-0.24,"",4599998810
1189,-0.13,"",4599998811
1188,-0.02,"",4599998812
1187,0.03,"",4599998813
1186,0.01,"",4599998814
1185,-0.03,"",4599998815
1184,-0.06,"",4599998816
1183,-0.06,"",4599998817
1182,-0.07,"",4599998818
1181,-0.1,"",4599998819
1180,-0.14,"",4599998820
1179,-0.08,"",4599998821
1178,0.13,"",4599998822
1177,0.22,"",4599998823
1176,0.08,"",4599998824
1175,-0.1,"",4599998825
1174,-0.2,"",4599998826
1173,-0.26,"",4599998827
1172,-0.2,"",4599998828
1171,-0.16,"",4599998829
1170,-0.22,"",4599998830
1169,-0.23,"",4599998831
1168,-0.22,"",4599998832
1167,-0.27,"",4599998833
1166,-0.33,"",4599998834
1165,-0.34,"",4599998835
1164,-0.25,"",4599998836
1163,-0.07,"",4599998837
1162,0.01,"",4599998838
1161,-0.09,"",4599998839
1160,-0.24,"",4599998840
1159,-0.29,"",4599998841
1158,-0.23,"",4599998842
1157,-0.15,"",4599998843
1156,-0.21,"",4599998844
1155,-0.36,"",4599998845
1154,-0.43,"",4599998846
1153,-0.48,"",4599998847
1152,-0.45,"",4599998848
1151,-0.28,"",4599998849
1150,-0.16,"",4599998850
1149,-0.2,"",4599998851
1148,-0.23,"",4599998852
1147,-0.16,"",4599998853
1146,-0.08,"",4599998854
1145,-0.01,"",4599998855
1144,0,"",4599998856
1143,-0.05,"",4599998857
1142,-0.04,"",4599998858
1141,0.02,"",4599998859
1140,0.04,"",4599998860
1139,0.05,"",4599998861
1138,-0.07,"",4599998862
1137,-0.3,"",4599998863
1136,-0.33,"",4599998864
1135,-0.17,"",4599998865
1134,-0.12,"",4599998866
1133,-0.15,"",4599998867
1132,-0.12,"",4599998868
1131,-0.09,"",4599998869
1130,0,"",4599998870
1129,0.12,"",4599998871
1128,0.18,"",4599998872
1127,0.17,"",4599998873
1126,0.2,"",4599998874
1125,0.32,"",4599998875
1124,0.46,"",4599998876
1123,0.4,"",4599998877
1122,0.17,"",4599998878
1121,-0.05,"",4599998879
1120,-0.18,"",4599998880
1119,-0.23,"",4599998881
1118,-0.29,"",4599998882
1117,-0.39,"",4599998883
1116,-0.4,"",4599998884
1115,-0.35,"",4599998885
1114,-0.41,"",4599998886
1113,-0.45,"",4599998887
1112,-0.35,"",4599998888
1111,-0.27,"",4599998889
1110,-0.27,"",4599998890
1109,-0.27,"",4599998891
1108,-0.31,"",4599998892
1107,-0.35,"",4599998893
1106,-0.3,"",4599998894
1105,-0.2,"",4599998895
1104,-0.08,"",4599998896
1103,0,"",4599998897
1102,-0.14,"",4599998898
1101,-0.35,"",4599998899
1100,-0.36,"",4599998900
1099,-0.23,"",4599998901
1098,-0.28,"",4599998902
1097,-0.47,"",4599998903
1096,-0.53,"",4599998904
1095,-0.36,"",4599998905
1094,-0.18,"",4599998906
1093,-0.11,"",4599998907
1092,-0.09,"",4599998908
1091,-0.14,"",4599998909
1090,-0.22,"",4599998910
1089,-0.25,"",4599998911
1088,-0.22,"",4599998912
1087,-0.13,"",4599998913
1086,-0.05,"",4599998914
1085,0,"",4599998915
1084,0.1,"",4599998916
1083,0.13,"",4599998917
1082,-0.01,"",4599998918
1081,-0.05,"",4599998919
1080,0.05,"",4599998920
1079,0.05,"",4599998921
1078,-0.11,"",4599998922
1077,-0.24,"",4599998923
1076,-0.29,"",4599998924
1075,-0.23,"",4599998925
1074,-0.18,"",4599998926
1073,-0.2,"",4599998927
1072,-0.2,"",4599998928
1071,-0.16,"",4599998929
1070,-0.12,"",4599998930
1069,-0.15,"",4599998931
1068,-0.2,"",4599998932
1067,-0.21,"",4599998933
1066,-0.23,"",4599998934
1065,-0.26,"",4599998935
1064,-0.31,"",4599998936
1063,-0.38,"",4599998937
1062,-0.27,"",4599998938
1061,-0.12,"",4599998939
1060,-0.18,"",4599998940
1059,-0.28,"",4599998941
1058,-0.13,"",4599998942
1057,0.03,"",4599998943
1056,0.11,"",4599998944
1055,0.16,"",4599998945
1054,0.05,"",4599998946
1053,-0.11,"",4599998947
1052,-0.1,"",4599998948
1051,-0.06,"",4599998949
1050,-0.02,"",4599998950
1049,-0.12,"",4599998951
1048,-0.21,"",4599998952
1047,-0.13,"",4599998953
1046,-0.05,"",4599998954
1045,-0.08,"",4599998955
1044,-0.03,"",4599998956
1043,0.13,"",4599998957
1042,0.1,"",4599998958
1041,-0.11,"",4599998959
1040,-0.23,"",4599998960
1039,-0.14,"",4599998961
1038,0.03,"",4599998962
1037,0.02,"",4599998963
1036,-0.01,"",4599998964
1035,0.08,"",4599998965
1034,0.18,"",4599998966
1033,0.21,"",4599998967
1032,0.24,"",4599998968
1031,0.3,"",4599998969
1030,0.31,"",4599998970
1029,0.27,"",4599998971
1028,0.24,"",4599998972
1027,0.17,"",4599998973
1026,-0.07,"",4599998974
1025,-0.21,"",4599998975
1024,-0.06,"",4599998976
1023,0.07,"",4599998977
1022,0.08,"",4599998978
1021,0.12,"",4599998979
1020,0.07,"",4599998980
1019,-0.01,"",4599998981
1018,-0.01,"",4599998982
1017,0.03,"",4599998983
1016,-0.04,"",4599998984
1015,-0.15,"",4599998985
1014,-0.02,"",4599998986
1013,0.2,"",4599998987
1012,0.19,"",4599998988
1011,0.08,"",4599998989
1010,0.07,"",4599998990
1009,0.11,"",4599998991
1008,0.1,"",4599998992
1007,0.02,"",4599998993
1006,0.02,"",4599998994
1005,0.19,"",4599998995
1004,0.37,"",4599998996
1003,0.4,"",4599998997
1002,0.29,"",4599998998
1001,0.21,"",4599998999
1000,0.17,"",4599999000
999,0.04,"",4599999001
998,0.02,"",4599999002
997,0.18,"",4599999003
996,0.21,"",4599999004
995,0.07,"",4599999005
994,0.01,"",4599999006
993,0.1,"",4599999007
992,0.18,"",4599999008
991,0.19,"",4599999009
990,0.2,"",4599999010
989,0.16,"",4599999011
988,0.05,"",4599999012
987,-0.03,"",4599999013
986,-0.06,"",4599999014
985,-0.1,"",4599999015
984,-0.07,"",4599999016
983,0.02,"",4599999017
982,0.06,"",4599999018
981,0.06,"",4599999019
980,0.11,"",4599999020
979,0.18,"",4599999021
978,0.08,"",4599999022
977,-0.13,"",4599999023
976,-0.18,"",4599999024
975,-0.06,"",4599999025
974,0.03,"",4599999026
973,-0.06,"",4599999027
972,-0.24,"",4599999028
971,-0.22,"",4599999029
970,-0.08,"",4599999030
969,-0.03,"",4599999031
968,-0.07,"",4599999032
967,-0.1,"",4599999033
966,-0.12,"",4599999034
965,-0.18,"",4599999035
964,-0.15,"",4599999036
963,-0.08,"",4599999037
962,-0.1,"",4599999038
961,-0.1,"",4599999039
960,0.08,"",4599999040
959,0.23,"",4599999041
958,0.1,"",4599999042
957,-0.03,"",4599999043
956,0.09,"",4599999044
955,0.17,"",4599999045
954,-0.02,"",4599999046
953,-0.24,"",4599999047
952,-0.3,"",4599999048
951,-0.32,"",4599999049
950,-0.31,"",4599999050
949,-0.22,"",4599999051
948,-0.16,"",4599999052
947,-0.17,"",4599999053
946,-0.14,"",4599999054
945,-0.06,"",4599999055
944,-0.05,"",4599999056
943,-0.11,"",4599999057
942,-0.13,"",4599999058
941,-0.02,"",4599999059
940,0.09,"",4599999060
939,0.14,"",4599999061
938,0.12,"",4599999062
937,0.07,"",4599999063
936,0.09,"",4599999064
935,0.14,"",4599999065
934,0.21,"",4599999066
933,0.23,"",4599999067
932,0.18,"",4599999068
931,0.16,"",4599999069
930,0.23,"",4599999070
929,0.28,"",4599999071
928,0.21,"",4599999072
927,0.1,"",4599999073
926,0.08,"",4599999074
925,0.06,"",4599999075
924,0,"",4599999076
923,-0.14,"",4599999077
922,-0.24,"",4599999078
921,-0.08,"",4599999079
920,0.06,"",4599999080
919,0.02,"",4599999081
918,-0.1,"",4599999082
917,-0.11,"",4599999083
916,0.19,"",4599999084
915,0.47,"",4599999085
914,0.43,"",4599999086
913,0.22,"",4599999087
912,0.12,"",4599999088
911,0.14,"",4599999089
910,0.14,"",4599999090
909,0.17,"",4599999091
908,0.19,"",4599999092
907,0.13,"",4599999093
906,0.14,"",4599999094
905,0.24,"",4599999095
904,0.27,"",4599999096
903,0.21,"",4599999097
902,0.15,"",4599999098
901,0.13,"",4599999099
900,0.05,"",4599999100
899,-0.04,"",4599999101
898,-0.05,"",4599999102
897,-0.08,"",4599999103
896,-0.07,"",4599999104
895,-0.09,"",4599999105
894,-0.26,"",4599999106
893,-0.31,"",4599999107
892,-0.14,"",4599999108
891,0,"",4599999109
890,0.06,"",4599999110
889,0.02,"",4599999111
888,-0.18,"",4599999112
887,-0.33,"",4599999113
886,-0.24,"",4599999114
885,-0.11,"",4599999115
884,-0.05,"",4599999116
883,0,"",4599999117
882,-0.04,"",4599999118
881,-0.14,"",4599999119
880,-0.16,"",4599999120
879,-0.11,"",4599999121
878,-0.02,"",4599999122
877,0.1,"",4599999123
876,0.15,"",4599999124
875,0.06,"",4599999125
874,-0.04,"",4599999126
873,-0.11,"",4599999127
872,-0.12,"",4599999128
871,-0.13,"",4599999129
870,-0.27,"",4599999130
869,-0.34,"",4599999131
868,-0.2,"",4599999132
867,-0.09,"",4599999133
866,-0.05,"",4599999134
865,-0.01,"",4599999135
864,-0.04,"",4599999136
863,-0.06,"",4599999137
862,0.02,"",4599999138
861,0.09,"",4599999139
860,0.07,"",4599999140
859,-0.05,"",4599999141
858,-0.14,"",4599999142
857,-0.12,"",4599999143
856,-0.07,"",4599999144
855,0,"",4599999145
854,0.05,"",4599999146
853,0.01,"",4599999147
852,-0.03,"",4599999148
851,-0.03,"",4599999149
850,-0.14,"",4599999150
849,-0.25,"",4599999151
848,-0.19,"",4599999152
847,-0.05,"",4599999153
846,-0.02,"",4599999154
845,-0.09,"",4599999155
844,-0.09,"",4599999156
843,0.01,"",4599999157
842,0.1,"",4599999158
841,0.03,"",4599999159
840,-0.05,"",4599999160
839,0.01,"",4599999161
838,0.08,"",4599999162
837,0.06,"",4599999163
836,0.02,"",4599999164
835,-0.05,"",4599999165
834,-0.14,"",4599999166
833,-0.14,"",4599999167
832,-0.1,"",4599999168
831,-0.08,"",4599999169
830,-0.08,"",4599999170
829,-0.1,"",4599999171
828,-0.13,"",4599999172
827,-0.18,"",4599999173
826,-0.2,"",4599999174
825,-0.21,"",4599999175
824,-0.27,"",4599999176
823,-0.24,"",4599999177
822,-0.23,"",4599999178
821,-0.28,"",4599999179
820,-0.21,"",4599999180
819,-0.09,"",4599999181
818,-0.01,"",4599999182
817,0.03,"",4599999183
816,0.02,"",4599999184
815,-0.11,"",4599999185
814,-0.27,"",4599999186
813,-0.35,"",4599999187
812,-0.34,"",4599999188
811,-0.23,"",4599999189
810,-0.1,"",4599999190
809,-0.02,"",4599999191
808,0,"",4599999192
807,-0.03,"",4599999193
806,-0.11,"",4599999194
805,-0.19,"",4599999195
804,-0.29,"",4599999196
803,-0.48,"",4599999197
802,-0.47,"",4599999198
801,-0.21,"",4599999199
800,-0.07,"",4599999200
799,-0.07,"",4599999201
798,-0.02,"",4599999202
797,0,"",4599999203
796,-0.01,"",4599999204
795,0,"",4599999205
794,-0.07,"",4599999206
793,-0.15,"",4599999207
792,0.03,"",4599999208
791,0.2,"",4599999209
790,0.17,"",4599999210
789,0.08,"",4599999211
788,-0.06,"",4599999212
787,-0.23,"",4599999213
786,-0.3,"",4599999214
785,-0.33,"",4599999215
784,-0.36,"",4599999216
783,-0.29,"",4599999217
782,-0.17,"",4599999218
781,-0.11,"",4599999219
780,-0.06,"",4599999220
779,-0.03,"",4599999221
778,-0.09,"",4599999222
777,-0.17,"",4599999223
776,-0.17,"",4599999224
775,-0.18,"",4599999225
774,-0.24,"",4599999226
773,-0.17,"",4599999227
772,0.02,"",4599999228
771,0.1,"",4599999229
770,-0.01,"",4599999230
769,-0.16,"",4599999231
768,-0.24,"",4599999232
767,-0.36,"",4599999233
766,-0.48,"",4599999234
765,-0.42,"",4599999235
764,-0.3,"",4599999236
763,-0.34,"",4599999237
762,-0.43,"",4599999238
761,-0.3,"",4599999239
760,-0.11,"",4599999240
759,-0.05,"",4599999241
758,-0.1,"",4599999242
757,-0.27,"",4599999243
756,-0.46,"",4599999244
755,-0.36,"",4599999245
754,-0.1,"",4599999246
753,0.01,"",4599999247
752,-0.11,"",4599999248
751,-0.28,"",4599999249
750,-0.28,"",4599999250
749,-0.19,"",4599999251
748,-0.23,"",4599999252
747,-0.34,"",4599999253
746,-0.21,"",4599999254
745,-0.1,"",4599999255
744,-0.23,"",4599999256
743,-0.34,"",4599999257
742,-0.26,"",4599999258
741,-0.12,"",4599999259
740,-0.12,"",4599999260
739,-0.24,"",4599999261
738,-0.29,"",4599999262
737,-0.32,"",4599999263
736,-0.52,"",4599999264
735,-0.66,"",4599999265
734,-0.47,"",4599999266
733,-0.33,"",4599999267
732,-0.44,"",4599999268
731,-0.45,"",4599999269
730,-0.33,"",4599999270
729,-0.36,"",4599999271
728,-0.5,"",4599999272
727,-0.51,"",4599999273
726,-0.47,"",4599999274
725,-0.5,"",4599999275
724,-0.53,"",4599999276
723,-0.48,"",4599999277
722,-0.5,"",4599999278
721,-0.54,"",4599999279
720,-0.48,"",4599999280
719,-0.37,"",4599999281
718,-0.3,"",4599999282
717,-0.32,"",4599999283
716,-0.34,"",4599999284
715,-0.33,"",4599999285
714,-0.38,"",4599999286
713,-0.41,"",4599999287
712,-0.35,"",4599999288
711,-0.29,"",4599999289
710,-0.21,"",4599999290
709,-0.16,"",4599999291
708,-0.2,"",4599999292
707,-0.18,"",4599999293
706,-0.16,"",4599999294
705,-0.29,"",4599999295
704,-0.37,"",4599999296
703,-0.39,"",4599999297
702,-0.45,"",4599999298
701,-0.42,"",4599999299
700,-0.26,"",4599999300
699,-0.18,"",4599999301
698,-0.28,"",4599999302
697,-0.37,"",4599999303
696,-0.27,"",4599999304
695,-0.13,"",4599999305
694,-0.05,"",4599999306
693,-0.08,"",4599999307
692,-0.24,"",4599999308
691,-0.28,"",4599999309
690,-0.09,"",4599999310
689,0.02,"",4599999311
688,-0.01,"",4599999312
687,-0.09,"",4599999313
686,-0.23,"",4599999314
685,-0.41,"",4599999315
684,-0.47,"",4599999316
683,-0.45,"",4599999317
682,-0.5,"",4599999318
681,-0.44,"",4599999319
680,-0.3,"",4599999320
679,-0.16,"",4599999321
678,-0.07,"",4599999322
677,-0.08,"",4599999323
676,-0.16,"",4599999324
675,-0.19,"",4599999325
674,-0.19,"",4599999326
673,-0.21,"",4599999327
672,-0.22,"",4599999328
671,-0.24,"",4599999329
670,-0.33,"",4599999330
669,-0.36,"",4599999331
668,-0.19,"",4599999332
667,-0.1,"",4599999333
666,-0.13,"",4599999334
665,-0.04,"",4599999335
664,0.11,"",4599999336
663,0.09,"",4599999337
662,-0.04,"",4599999338
661,-0.1,"",4599999339
660,-0.18,"",4599999340
659,-0.3,"",4599999341
658,-0.31,"",4599999342
657,-0.23,"",4599999343
656,-0.26,"",4599999344
655,-0.3,"",4599999345
654,-0.18,"",4599999346
653,-0.04,"",4599999347
652,-0.05,"",4599999348
651,-0.16,"",4599999349
650,-0.24,"",4599999350
649,-0.35,"",4599999351
648,-0.37,"",4599999352
647,-0.23,"",4599999353
646,-0.13,"",4599999354
645,-0.18,"",4599999355
644,-0.32,"",4599999356
643,-0.43,"",4599999357
642,-0.44,"",4599999358
641,-0.44,"",4599999359
640,-0.38,"",4599999360
639,-0.32,"",4599999361
638,-0.31,"",4599999362
637,-0.22,"",4599999363
636,-0.09,"",4599999364
635,-0.01,"",4599999365
634,-0.05,"",4599999366
633,-0.12,"",4599999367
632,-0.13,"",4599999368
631,-0.19,"",4599999369
630,-0.27,"",4599999370
629,-0.23,"",4599999371
628,-0.19,"",4599999372
627,-0.15,"",4599999373
626,-0.1,"",4599999374
625,-0.18,"",4599999375
624,-0.32,"",4599999376
623,-0.35,"",4599999377
622,-0.34,"",4599999378
621,-0.37,"",4599999379
620,-0.39,"",4599999380
619,-0.36,"",4599999381
618,-0.29,"",4599999382
617,-0.25,"",4599999383
616,-0.16,"",4599999384
615,-0.01,"",4599999385
614,0.02,"",4599999386
613,-0.12,"",4599999387
612,-0.15,"",4599999388
611,-0.1,"",4599999389
610,-0.1,"",4599999390
609,-0.09,"",4599999391
608,-0.11,"",4599999392
607,-0.24,"",4599999393
606,-0.3,"",4599999394
605,-0.23,"",4599999395
604,-0.07,"",4599999396
603,0.08,"",4599999397
602,0.08,"",4599999398
601,-0.01,"",4599999399
600,-0.08,"",4599999400
599,-0.12,"",4599999401
598,-0.05,"",4599999402
597,0.1,"",4599999403
596,0.1,"",4599999404
595,-0.05,"",4599999405
594,-0.12,"",4599999406
593,0,"",4599999407
592,0.07,"",4599999408
591,-0.02,"",4599999409
590,-0.13,"",4599999410
589,-0.2,"",4599999411
588,-0.22,"",4599999412
587,-0.28,"",4599999413
586,-0.33,"",4599999414
585,-0.21,"",4599999415
584,-0.12,"",4599999416
583,-0.21,"",4599999417
582,-0.29,"",4599999418
581,-0.22,"",4599999419
580,-0.16,"",4599999420
579,-0.23,"",4599999421
578,-0.24,"",4599999422
577,-0.11,"",4599999423
576,-0.11,"",4599999424
575,-0.25,"",4599999425
574,-0.36,"",4599999426
573,-0.45,"",4599999427
572,-0.54,"",4599999428
571,-0.61,"",4599999429
570,-0.63,"",4599999430
569,-0.56,"",4599999431
568,-0.52,"",4599999432
567,-0.49,"",4599999433
566,-0.47,"",4599999434
565,-0.58,"",4599999435
564,-0.74,"",4599999436
563,-0.71,"",4599999437
562,-0.49,"",4599999438
561,-0.38,"",4599999439
560,-0.47,"",4599999440
559,-0.56,"",4599999441
558,-0.51,"",4599999442
557,-0.49,"",4599999443
556,-0.61,"",4599999444
555,-0.61,"",4599999445
554,-0.48,"",4599999446
553,-0.46,"",4599999447
552,-0.51,"",4599999448
551,-0.38,"",4599999449
550,-0.22,"",4599999450
549,-0.24,"",4599999451
548,-0.33,"",4599999452
547,-0.42,"",4599999453
546,-0.55,"",4599999454
545,-0.6,"",4599999455
544,-0.46,"",4599999456
543,-0.31,"",4599999457
542,-0.37,"",4599999458
541,-0.5,"",4599999459
540,-0.47,"",4599999460
539,-0.42,"",4599999461
538,-0.47,"",4599999462
537,-0.35,"",4599999463
536,-0.1,"",4599999464
535,-0.01,"",4599999465
534,-0.01,"",4599999466
533,-0.02,"",4599999467
532,-0.02,"",4599999468
531,0.08,"",4599999469
530,0.07,"",4599999470
529,-0.21,"",4599999471
528,-0.48,"",4599999472
527,-0.38,"",4599999473
526,-0.24,"",4599999474
525,-0.37,"",4599999475
524,-0.62,"",4599999476
523,-0.68,"",4599999477
522,-0.53,"",4599999478
521,-0.5,"",4599999479
520,-0.59,"",4599999480
519,-0.49,"",4599999481
518,-0.35,"",4599999482
517,-0.36,"",4599999483
516,-0.43,"",4599999484
515,-0.48,"",4599999485
514,-0.48,"",4599999486
513,-0.44,"",4599999487
512,-0.38,"",4599999488
511,-0.28,"",4599999489
510,-0.24,"",4599999490
509,-0.32,"",4599999491
508,-0.45,"",4599999492
507,-0.5,"",4599999493
506,-0.49,"",4599999494
505,-0.47,"",4599999495
504,-0.41,"",4599999496
503,-0.37,"",4599999497
502,-0.34,"",4599999498
501,-0.27,"",4599999499
500,-0.32,"",4599999500
499,-0.58,"",4599999501
498,-0.84,"",4599999502
497,-0.87,"",4599999503
496,-0.69,"",4599999504
495,-0.54,"",4599999505
494,-0.49,"",4599999506
493,-0.57,"",4599999507
492,-0.76,"",4599999508
491,-0.84,"",4599999509
490,-0.79,"",4599999510
489,-0.73,"",4599999511
488,-0.7,"",4599999512
487,-0.69,"",4599999513
486,-0.57,"",4599999514
485,-0.4,"",4599999515
484,-0.33,"",4599999516
483,-0.36,"",4599999517
482,-0.36,"",4599999518
481,-0.31,"",4599999519
480,-0.47,"",4599999520
479,-0.84,"",4599999521
478,-0.98,"",4599999522
477,-0.88,"",4599999523
476,-0.87,"",4599999524
475,-0.88,"",4599999525
474,-0.82,"",4599999526
473,-0.76,"",4599999527
472,-0.65,"",4599999528
471,-0.47,"",4599999529
470,-0.38,"",4599999530
469,-0.39,"",4599999531
468,-0.35,"",4599999532
467,-0.29,"",4599999533
466,-0.36,"",4599999534
465,-0.41,"",4599999535
464,-0.36,"",4599999536
463,-0.41,"",4599999537
462,-0.54,"",4599999538
461,-0.55,"",4599999539
460,-0.44,"",4599999540
459,-0.34,"",4599999541
458,-0.29,"",4599999542
457,-0.28,"",4599999543
456,-0.27,"",4599999544
455,-0.35,"",4599999545
454,-0.41,"",4599999546
453,-0.35,"",4599999547
452,-0.33,"",4599999548
451,-0.42,"",4599999549
450,-0.58,"",4599999550
449,-0.7,"",4599999551
448,-0.64,"",4599999552
447,-0.56,"",4599999553
446,-0.56,"",4599999554
445,-0.66,"",4599999555
444,-0.73,"",4599999556
443,-0.74,"",4599999557
442,-0.89,"",4599999558
441,-1.16,"",4599999559
440,-1.13,"",4599999560
439,-0.76,"",4599999561
438,-0.52,"",4599999562
437,-0.53,"",4599999563
436,-0.65,"",4599999564
435,-0.74,"",4599999565
434,-0.68,"",4599999566
433,-0.57,"",4599999567
432,-0.58,"",4599999568
431,-0.73,"",4599999569
430,-0.86,"",4599999570
429,-0.84,"",4599999571
428,-0.82,"",4599999572
427,-0.7,"",4599999573
426,-0.53,"",4599999574
425,-0.52,"",4599999575
424,-0.55,"",4599999576
423,-0.51,"",4599999577
422,-0.48,"",4599999578
421,-0.61,"",4599999579
420,-0.77,"",4599999580
419,-0.68,"",4599999581
418,-0.55,"",4599999582
417,-0.54,"",4599999583
416,-0.54,"",4599999584
415,-0.53,"",4599999585
414,-0.58,"",4599999586
413,-0.66,"",4599999587
412,-0.65,"",4599999588
411,-0.53,"",4599999589
410,-0.45,"",4599999590
409,-0.47,"",4599999591
408,-0.56,"",4599999592
407,-0.61,"",4599999593
406,-0.54,"",4599999594
405,-0.38,"",4599999595
404,-0.28,"",4599999596
403,-0.32,"",4599999597
402,-0.42,"",4599999598
401,-0.42,"",4599999599
400,-0.37,"",4599999600
399,-0.42,"",4599999601
398,-0.51,"",4599999602
397,-0.53,"",4599999603
396,-0.48,"",4599999604
395,-0.44,"",4599999605
394,-0.53,"",4599999606
393,-0.51,"",4599999607
392,-0.43,"",4599999608
391,-0.44,"",4599999609
390,-0.57,"",4599999610
389,-0.75,"",4599999611
388,-0.77,"",4599999612
387,-0.58,"",4599999613
386,-0.42,"",4599999614
385,-0.36,"",4599999615
384,-0.37,"",4599999616
383,-0.45,"",4599999617
382,-0.45,"",4599999618
381,-0.33,"",4599999619
380,-0.34,"",4599999620
379,-0.61,"",4599999621
378,-0.8,"",4599999622
377,-0.74,"",4599999623
376,-0.64,"",4599999624
375,-0.62,"",4599999625
374,-0.64,"",4599999626
373,-0.58,"",4599999627
372,-0.4,"",4599999628
371,-0.29,"",4599999629
370,-0.28,"",4599999630
369,-0.36,"",4599999631
368,-0.52,"",4599999632
367,-0.62,"",4599999633
366,-0.69,"",4599999634
365,-0.71,"",4599999635
364,-0.6,"",4599999636
363,-0.47,"",4599999637
362,-0.45,"",4599999638
361,-0.45,"",4599999639
360,-0.41,"",4599999640
359,-0.39,"",4599999641
358,-0.44,"",4599999642
357,-0.48,"",4599999643
356,-0.5,"",4599999644
355,-0.5,"",4599999645
354,-0.43,"",4599999646
353,-0.51,"",4599999647
352,-0.72,"",4599999648
351,-0.75,"",4599999649
350,-0.58,"",4599999650
349,-0.39,"",4599999651
348,-0.34,"",4599999652
347,-0.41,"",4599999653
346,-0.51,"",4599999654
345,-0.61,"",4599999655
344,-0.64,"",4599999656
343,-0.6,"",4599999657
342,-0.56,"",4599999658
341,-0.55,"",4599999659
340,-0.59,"",4599999660
339,-0.58,"",4599999661
338,-0.44,"",4599999662
337,-0.44,"",4599999663
336,-0.63,"",4599999664
335,-0.76,"",4599999665
334,-0.74,"",4599999666
333,-0.59,"",4599999667
332,-0.53,"",4599999668
331,-0.66,"",4599999669
330,-0.74,"",4599999670
329,-0.63,"",4599999671
328,-0.54,"",4599999672
327,-0.52,"",4599999673
326,-0.5,"",4599999674
325,-0.52,"",4599999675
324,-0.61,"",4599999676
323,-0.69,"",4599999677
322,-0.73,"",4599999678
321,-0.7,"",4599999679
320,-0.57,"",4599999680
319,-0.48,"",4599999681
318,-0.5,"",4599999682
317,-0.58,"",4599999683
316,-0.53,"",4599999684
315,-0.4,"",4599999685
314,-0.47,"",4599999686
313,-0.72,"",4599999687
312,-0.78,"",4599999688
311,-0.62,"",4599999689
310,-0.49,"",4599999690
309,-0.46,"",4599999691
308,-0.46,"",4599999692
307,-0.47,"",4599999693
306,-0.49,"",4599999694
305,-0.52,"",4599999695
304,-0.55,"",4599999696
303,-0.53,"",4599999697
302,-0.46,"",4599999698
301,-0.34,"",4599999699
300,-0.22,"",4599999700
299,-0.29,"",4599999701
298,-0.49,"",4599999702
297,-0.53,"",4599999703
296,-0.39,"",4599999704
295,-0.23,"",4599999705
294,-0.1,"",4599999706
293,-0.09,"",4599999707
292,-0.29,"",4599999708
291,-0.54,"",4599999709
290,-0.57,"",4599999710
289,-0.51,"",4599999711
288,-0.53,"",4599999712
287,-0.58,"",4599999713
286,-0.67,"",4599999714
285,-0.74,"",4599999715
284,-0.64,"",4599999716
283,-0.6,"",4599999717
282,-0.66,"",4599999718
281,-0.68,"",4599999719
280,-0.6,"",4599999720
279,-0.51,"",4599999721
278,-0.49,"",4599999722
277,-0.44,"",4599999723
276,-0.42,"",4599999724
275,-0.37,"",4599999725
274,-0.19,"",4599999726
273,-0.12,"",4599999727
272,-0.25,"",4599999728
271,-0.32,"",4599999729
270,-0.3,"",4599999730
269,-0.39,"",4599999731
268,-0.6,"",4599999732
267,-0.69,"",4599999733
266,-0.53,"",4599999734
265,-0.36,"",4599999735
264,-0.32,"",4599999736
263,-0.31,"",4599999737
262,-0.29,"",4599999738
261,-0.27,"",4599999739
260,-0.16,"",4599999740
259,-0.1,"",4599999741
258,-0.2,"",4599999742
257,-0.32,"",4599999743
256,-0.31,"",4599999744
255,-0.24,"",4599999745
254,-0.18,"",4599999746
253,-0.16,"",4599999747
252,-0.23,"",4599999748
251,-0.3,"",4599999749
250,-0.31,"",4599999750
249,-0.31,"",4599999751
248,-0.32,"",4599999752
247,-0.31,"",4599999753
246,-0.27,"",4599999754
245,-0.22,"",4599999755
244,-0.28,"",4599999756
243,-0.36,"",4599999757
242,-0.27,"",4599999758
241,-0.2,"",4599999759
240,-0.31,"",4599999760
239,-0.54,"",4599999761
238,-0.71,"",4599999762
237,-0.6,"",4599999763
236,-0.39,"",4599999764
235,-0.33,"",4599999765
234,-0.37,"",4599999766
233,-0.39,"",4599999767
232,-0.39,"",4599999768
231,-0.36,"",4599999769
230,-0.3,"",4599999770
229,-0.24,"",4599999771
228,-0.22,"",4599999772
227,-0.27,"",4599999773
226,-0.4,"",4599999774
225,-0.5,"",4599999775
224,-0.36,"",4599999776
223,-0.26,"",4599999777
222,-0.28,"",4599999778
221,-0.26,"",4599999779
220,-0.28,"",4599999780
219,-0.32,"",4599999781
218,-0.21,"",4599999782
217,-0.17,"",4599999783
216,-0.25,"",4599999784
215,-0.3,"",4599999785
214,-0.32,"",4599999786
213,-0.32,"",4599999787
212,-0.28,"",4599999788
211,-0.23,"",4599999789
210,-0.26,"",4599999790
209,-0.44,"",4599999791
208,-0.74,"",4599999792
207,-0.88,"",4599999793
206,-0.76,"",4599999794
205,-0.64,"",4599999795
204,-0.57,"",4599999796
203,-0.47,"",4599999797
202,-0.47,"",4599999798
201,-0.53,"",4599999799
200,-0.49,"",4599999800
199,-0.43,"",4599999801
198,-0.5,"",4599999802
197,-0.6,"",4599999803
196,-0.6,"",4599999804
195,-0.47,"",4599999805
194,-0.3,"",4599999806
193,-0.19,"",4599999807
192,-0.2,"",4599999808
191,-0.27,"",4599999809
190,-0.28,"",4599999810
189,-0.32,"",4599999811
188,-0.37,"",4599999812
187,-0.38,"",4599999813
186,-0.48,"",4599999814
185,-0.63,"",4599999815
184,-0.68,"",4599999816
183,-0.57,"",4599999817
182,-0.4,"",4599999818
181,-0.32,"",4599999819
180,-0.35,"",4599999820
179,-0.46,"",4599999821
178,-0.52,"",4599999822
177,-0.5,"",4599999823
176,-0.53,"",4599999824
175,-0.5,"",4599999825
174,-0.39,"",4599999826
173,-0.32,"",4599999827
172,-0.27,"",4599999828
171,-0.25,"",4599999829
170,-0.31,"",4599999830
169,-0.31,"",4599999831
168,-0.25,"",4599999832
167,-0.16,"",4599999833
166,-0.06,"",4599999834
165,-0.16,"",4599999835
164,-0.44,"",4599999836
163,-0.48,"",4599999837
162,-0.33,"",4599999838
161,-0.2,"",4599999839
160,-0.11,"",4599999840
159,-0.11,"",4599999841
158,-0.18,"",4599999842
157,-0.26,"",4599999843
156,-0.31,"",4599999844
155,-0.34,"",4599999845
154,-0.26,"",4599999846
153,-0.12,"",4599999847
152,-0.01,"",4599999848
151,-0.01,"",4599999849
150,-0.06,"",4599999850
149,-0.05,"",4599999851
148,-0.07,"",4599999852
147,-0.15,"",4599999853
146,-0.14,"",4599999854
145,-0.12,"",4599999855
144,-0.16,"",4599999856
143,-0.18,"",4599999857
142,-0.18,"",4599999858
141,-0.25,"",4599999859
140,-0.19,"",4599999860
139,-0.1,"",4599999861
138,-0.11,"",4599999862
137,-0.19,"",4599999863
136,-0.29,"",4599999864
135,-0.32,"",4599999865
134,-0.32,"",4599999866
133,-0.35,"",4599999867
132,-0.18,"",4599999868
131,-0.11,"",4599999869
130,-0.37,"",4599999870
129,-0.24,"",4599999871
128,-0.27,"",4599999872
127,-0.32,"",4599999873
126,-0.31,"",4599999874
125,-0.23,"",4599999875
124,-0.12,"",4599999876
123,-0.12,"",4599999877
122,-0.28,"",4599999878
121,-0.18,"",4599999879
120,-0.09,"",4599999880
119,-0.15,"",4599999881
118,-0.27,"",4599999882
117,-0.37,"",4599999883
116,-0.46,"",4599999884
115,-0.26,"",4599999885
114,-0.22,"",4599999886
113,-0.38,"",4599999887
112,-0.42,"",4599999888
111,-0.48,"",4599999889
110,-0.43,"",4599999890
109,-0.44,"",4599999891
108,-0.36,"",4599999892
107,-0.34,"",4599999893
106,-0.15,"",4599999894
105,-0.14,"",4599999895
104,-0.36,"",4599999896
103,-0.46,"",4599999897
102,-0.29,"",4599999898
101,-0.27,"",4599999899
100,-0.27,"",4599999900
99,-0.19,"",4599999901
98,-0.28,"",4599999902
97,-0.26,"",4599999903
96,-0.27,"",4599999904
95,-0.22,"",4599999905
94,-0.11,"",4599999906
93,-0.22,"",4599999907
92,-0.2,"",4599999908
91,-0.36,"",4599999909
90,-0.16,"",4599999910
89,-0.09,"",4599999911
88,-0.16,"",4599999912
87,-0.28,"",4599999913
86,-0.13,"",4599999914
85,-0.2,"",4599999915
84,-0.15,"",4599999916
83,-0.03,"",4599999917
82,0,"",4599999918
81,-0.02,"",4599999919
80,0.13,"",4599999920
79,0.19,"",4599999921
78,0.07,"",4599999922
77,0.09,"",4599999923
76,0.2,"",4599999924
75,0.09,"",4599999925
74,-0.07,"",4599999926
73,-0.03,"",4599999927
72,-0.11,"",4599999928
71,-0.11,"",4599999929
70,-0.17,"",4599999930
69,-0.07,"",4599999931
68,0.01,"",4599999932
67,0.08,"",4599999933
66,-0.13,"",4599999934
65,-0.14,"",4599999935
64,-0.19,"",4599999936
63,0.05,"",4599999937
62,0.06,"",4599999938
61,0.03,"",4599999939
60,-0.02,"",4599999940
59,0.06,"",4599999941
58,0.04,"",4599999942
57,0.05,"",4599999943
56,-0.2,"",4599999944
55,-0.11,"",4599999945
54,-0.06,"",4599999946
53,-0.02,"",4599999947
52,-0.08,"",4599999948
51,0.05,"",4599999949
50,0.02,"",4599999950
49,-0.08,"",4599999951
48,0.01,"",4599999952
47,0.16,"",4599999953
46,-0.07,"",4599999954
45,-0.01,"",4599999955
44,-0.1,"",4599999956
43,0.18,"",4599999957
42,0.07,"",4599999958
41,0.16,"",4599999959
40,0.26,"",4599999960
39,0.32,"",4599999961
38,0.14,"",4599999962
37,0.31,"",4599999963
36,0.15,"",4599999964
35,0.11,"",4599999965
34,0.18,"",4599999966
33,0.32,"",4599999967
32,0.38,"",4599999968
31,0.27,"",4599999969
30,0.45,"",4599999970
29,0.4,"",4599999971
28,0.22,"",4599999972
27,0.23,"",4599999973
26,0.31,"",4599999974
25,0.44,"",4599999975
24,0.32,"",4599999976
23,0.46,"",4599999977
22,0.61,"",4599999978
21,0.39,"",4599999979
20,0.39,"",4599999980
19,0.54,"",4599999981
18,0.63,"",4599999982
17,0.62,"",4599999983
16,0.54,"",4599999984
15,0.68,"",4599999985
14,0.64,"",4599999986
13,0.66,"",4599999987
12,0.54,"",4599999988
11,0.66,"",4599999989
10,0.72,"",4599999990
9,0.61,"",4599999991
8,0.64,"",4599999992
7,0.68,"",4599999993
6,0.75,"",4599999994
5,0.9,"",4599999995
4,1.02,"",4599999996
3,0.92,"",4599999997
2,0.85,"",4599999998
1,0.98,"",4599999999
