The copyright to the intellectual property of this file is held by www.climatedata.info,,
Title,"Temperature, CO2 and Milankovitch cycles - Vostok",
Source,: http://www.ncdc.noaa.gov/paleo/indexice.html,
Source,http://www1.ncdc.noaa.gov/pub/data/paleo/climate_forcing/orbital_variations/berger_insolation/,
Year,Temp,SI
-250000,,427.883
-249900,,428.157
-249800,,428.441
-249700,,428.725
-249600,,429.009
-249500,,429.293
-249400,,429.577
-249300,,429.861
-249200,,430.145
-249100,,430.429
-249000,,430.713
-248900,,431.145
-248800,,431.586
-248700,,432.027
-248600,,432.468
-248500,,432.909
-248400,,433.35
-248300,,433.791
-248200,,434.232
-248100,,434.673
-248000,,435.114
-247900,,435.677
-247800,,436.248
-247700,,436.819
-247600,,437.39
-247500,,437.961
-247400,,438.532
-247300,,439.103
-247200,,439.674
-247100,,440.245
-247000,,440.817
-246900,,441.474
-246800,,442.137
-246700,,442.8
-246600,,443.463
-246500,,444.126
-246400,,444.789
-246300,,445.452
-246200,,446.115
-246100,,446.778
-246000,,447.442
-245900,,448.138
-245800,,448.836
-245700,,449.534
-245600,,450.232
-245500,,450.93
-245400,,451.628
-245300,,452.326
-245200,,453.024
-245100,,453.722
-245000,,454.42
-244900,,455.091
-244800,,455.76
-244700,,456.429
-244600,,457.098
-244500,,457.767
-244400,,458.436
-244300,,459.105
-244200,,459.774
-244100,,460.443
-244000,,461.112
-243900,,461.687
-243800,,462.256
-243700,,462.825
-243600,,463.394
-243500,,463.963
-243400,,464.532
-243300,,465.101
-243200,,465.67
-243100,,466.239
-243000,,466.808
-242900,0.035,467.218
-242800,-0.05,467.618
-242700,-0.15,468.018
-242600,-0.215,468.418
-242500,-0.3,468.818
-242400,-0.423,469.218
-242300,-0.5,469.618
-242200,-0.75,470.018
-242100,-0.852,470.418
-242000,-1.01,470.818
-241900,-1.153,470.999
-241800,-1.26,471.167
-241700,-1.47,471.335
-241600,-1.53,471.503
-241500,-1.66,471.671
-241400,-1.76,471.839
-241300,-1.87,472.007
-241200,-1.971,472.175
-241100,-2.03,472.343
-241000,-2.16,472.511
-240900,-2.197,472.421
-240800,-2.26,472.316
-240700,-2.313,472.211
-240600,-2.36,472.106
-240500,-2.43,472.001
-240400,-2.46,471.896
-240300,-2.59,471.791
-240200,-2.64,471.686
-240100,-2.7,471.581
-240000,-2.723,471.476
-239900,-2.74,471.094
-239800,-2.784,470.696
-239700,-2.81,470.298
-239600,-2.852,469.9
-239500,-2.87,469.502
-239400,-2.95,469.104
-239300,-2.965,468.706
-239200,-3,468.308
-239100,-3.004,467.91
-239000,-3.01,467.511
-238900,-3.001,466.844
-238800,-2.99,466.161
-238700,-2.985,465.478
-238600,-2.98,464.795
-238500,-2.992,464.112
-238400,-3,463.429
-238300,-3.019,462.746
-238200,-3.03,462.063
-238100,-3.07,461.379
-238000,-3.09,460.696
-237900,-3.123,459.782
-237800,-3.14,458.855
-237700,-3.186,457.928
-237600,-3.21,457.001
-237500,-3.263,456.074
-237400,-3.29,455.147
-237300,-3.355,454.22
-237200,-3.39,453.293
-237100,-3.461,452.366
-237000,-3.5,451.439
-236900,-3.589,450.344
-236800,-3.64,449.24
-236700,-3.721,448.136
-236600,-3.77,447.032
-236500,-3.843,445.928
-236400,-3.89,444.824
-236300,-3.956,443.72
-236200,-4,442.616
-236100,-4.05,441.512
-236000,-4.09,440.407
-235900,-4.135,439.215
-235800,-4.18,438.018
-235700,-4.229,436.821
-235600,-4.29,435.624
-235500,-4.317,434.427
-235400,-4.36,433.23
-235300,-4.389,432.033
-235200,-4.45,430.836
-235100,-4.482,429.639
-235000,-4.537,428.442
-234900,-4.57,427.252
-234800,-4.662,426.063
-234700,-4.71,424.874
-234600,-4.792,423.685
-234500,-4.85,422.496
-234400,-4.911,421.307
-234300,-4.97,420.118
-234200,-5.014,418.929
-234100,-5.07,417.74
-234000,-5.116,416.55
-233900,-5.17,415.463
-233800,-5.232,414.381
-233700,-5.27,413.299
-233600,-5.34,412.217
-233500,-5.369,411.135
-233400,-5.42,410.053
-233300,-5.478,408.971
-233200,-5.53,407.889
-233100,-5.66,406.806
-233000,-5.706,405.724
-232900,-5.79,404.831
-232800,-5.862,403.948
-232700,-5.91,403.065
-232600,-5.99,402.182
-232500,-6.013,401.299
-232400,-6.04,400.416
-232300,-6.04,399.533
-232200,-6.03,398.65
-232100,-6.01,397.767
-232000,-5.998,396.884
-231900,-5.99,396.262
-231800,-5.99,395.654
-231700,-5.985,395.046
-231600,-5.98,394.438
-231500,-5.98,393.83
-231400,-5.987,393.222
-231300,-6,392.614
-231200,-6.028,392.006
-231100,-6.05,391.398
-231000,-6.06,390.79
-230900,-6.056,390.496
-230800,-6.05,390.218
-230700,-6.09,389.94
-230600,-6.1,389.662
-230500,-6.12,389.384
-230400,-6.12,389.106
-230300,-6.12,388.828
-230200,-6.07,388.55
-230100,-6.04,388.272
-230000,-6.01,387.994
-229900,-5.91,388.058
-229800,-5.838,388.14
-229700,-5.74,388.222
-229600,-5.54,388.304
-229500,-5.485,388.386
-229400,-5.38,388.468
-229300,-5.323,388.55
-229200,-5.29,388.632
-229100,-5.25,388.714
-229000,-5.256,388.796
-228900,-5.26,389.227
-228800,-5.34,389.675
-228700,-5.415,390.123
-228600,-5.49,390.571
-228500,-5.65,391.019
-228400,-5.715,391.467
-228300,-5.8,391.915
-228200,-5.98,392.363
-228100,-6.034,392.811
-228000,-6.13,393.259
-227900,-6.188,394.033
-227800,-6.22,394.823
-227700,-6.3,395.613
-227600,-6.348,396.403
-227500,-6.38,397.193
-227400,-6.46,397.983
-227300,-6.429,398.773
-227200,-6.41,399.563
-227100,-6.31,400.353
-227000,-6.278,401.143
-226900,-6.26,402.214
-226800,-6.2,403.298
-226700,-6.08,404.382
-226600,-6.032,405.466
-226500,-5.96,406.55
-226400,-5.9,407.634
-226300,-5.857,408.718
-226200,-5.81,409.802
-226100,-5.67,410.886
-226000,-5.571,411.97
-225900,-5.51,413.268
-225800,-5.37,414.576
-225700,-5.22,415.884
-225600,-5.13,417.192
-225500,-5.04,418.5
-225400,-4.85,419.808
-225300,-4.72,421.117
-225200,-4.67,422.425
-225100,-4.61,423.733
-225000,-4.5,425.041
-224900,-4.4,426.475
-224800,-4.374,427.915
-224700,-4.34,429.355
-224600,-4.24,430.795
-224500,-4.11,432.235
-224400,-4.034,433.675
-224300,-3.96,435.115
-224200,-3.83,436.556
-224100,-3.71,437.996
-224000,-3.655,439.436
-223900,-3.57,440.901
-223800,-3.42,442.367
-223700,-3.374,443.833
-223600,-3.31,445.299
-223500,-3.21,446.765
-223400,-3.156,448.231
-223300,-3.06,449.697
-223200,-3.021,451.163
-223100,-2.97,452.629
-223000,-2.949,454.095
-222900,-2.93,455.483
-222800,-2.9,456.867
-222700,-2.88,458.251
-222600,-2.826,459.635
-222500,-2.8,461.019
-222400,-2.765,462.404
-222300,-2.75,463.788
-222200,-2.702,465.172
-222100,-2.68,466.556
-222000,-2.607,467.94
-221900,-2.57,469.144
-221800,-2.472,470.34
-221700,-2.42,471.536
-221600,-2.337,472.732
-221500,-2.29,473.928
-221400,-2.234,475.124
-221300,-2.2,476.321
-221200,-2.121,477.517
-221100,-2.07,478.713
-221000,-1.987,479.909
-220900,-1.93,480.838
-220800,-1.872,481.755
-220700,-1.83,482.672
-220600,-1.791,483.589
-220500,-1.76,484.506
-220400,-1.732,485.423
-220300,-1.71,486.34
-220200,-1.699,487.257
-220100,-1.69,488.174
-220000,-1.702,489.091
-219900,-1.71,489.676
-219800,-1.733,490.246
-219700,-1.75,490.816
-219600,-1.798,491.386
-219500,-1.83,491.956
-219400,-1.914,492.526
-219300,-1.96,493.096
-219200,-2.069,493.666
-219100,-2.11,494.236
-219000,-2.25,494.806
-218900,-2.281,495.011
-218800,-2.34,495.2
-218700,-2.344,495.389
-218600,-2.35,495.578
-218500,-2.345,495.767
-218400,-2.34,495.956
-218300,-2.312,496.145
-218200,-2.283,496.334
-218100,-2.24,496.523
-218000,-2.199,496.712
-217900,-2.15,496.53
-217800,-2.088,496.332
-217700,-2.05,496.134
-217600,-1.94,495.936
-217500,-1.899,495.738
-217400,-1.84,495.54
-217300,-1.804,495.342
-217200,-1.78,495.144
-217100,-1.75,494.946
-217000,-1.762,494.748
-216900,-1.78,494.208
-216800,-1.804,493.654
-216700,-1.82,493.1
-216600,-1.85,492.546
-216500,-1.866,491.992
-216400,-1.89,491.438
-216300,-1.902,490.884
-216200,-1.91,490.33
-216100,-1.92,489.776
-216000,-1.92,489.222
-215900,-1.92,488.382
-215800,-1.926,487.53
-215700,-1.93,486.678
-215600,-1.93,485.826
-215500,-1.921,484.974
-215400,-1.91,484.122
-215300,-1.91,483.27
-215200,-1.91,482.418
-215100,-1.94,481.566
-215000,-1.949,480.713
-214900,-1.96,479.652
-214800,-1.973,478.582
-214700,-1.98,477.512
-214600,-1.96,476.442
-214500,-1.96,475.372
-214400,-1.96,474.302
-214300,-1.966,473.232
-214200,-1.97,472.161
-214100,-2.01,471.091
-214000,-2.01,470.021
-213900,-2.01,468.832
-213800,-1.992,467.638
-213700,-1.98,466.444
-213600,-1.98,465.25
-213500,-1.984,464.056
-213400,-1.99,462.862
-213300,-1.996,461.668
-213200,-2,460.474
-213100,-2.02,459.279
-213000,-2.035,458.085
-212900,-2.06,456.865
-212800,-2.105,455.644
-212700,-2.14,454.423
-212600,-2.22,453.202
-212500,-2.25,451.981
-212400,-2.31,450.76
-212300,-2.352,449.539
-212200,-2.39,448.318
-212100,-2.45,447.097
-212000,-2.456,445.876
-211900,-2.47,444.718
-211800,-2.489,443.563
-211700,-2.51,442.408
-211600,-2.543,441.253
-211500,-2.56,440.098
-211400,-2.58,438.943
-211300,-2.58,437.788
-211200,-2.58,436.633
-211100,-2.586,435.478
-211000,-2.59,434.323
-210900,-2.57,433.312
-210800,-2.559,432.307
-210700,-2.54,431.302
-210600,-2.53,430.297
-210500,-2.52,429.292
-210400,-2.554,428.287
-210300,-2.57,427.282
-210200,-2.66,426.277
-210100,-2.703,425.271
-210000,-2.76,424.266
-209900,-2.801,423.469
-209800,-2.83,422.679
-209700,-2.89,421.888
-209600,-2.918,421.098
-209500,-2.98,420.308
-209400,-3.012,419.518
-209300,-3.05,418.728
-209200,-3.081,417.938
-209100,-3.1,417.148
-209000,-3.15,416.358
-208900,-3.147,415.824
-208800,-3.14,415.299
-208700,-3.145,414.774
-208600,-3.15,414.249
-208500,-3.176,413.724
-208400,-3.19,413.199
-208300,-3.22,412.673
-208200,-3.224,412.148
-208100,-3.23,411.623
-208000,-3.23,411.098
-207900,-3.23,410.855
-207800,-3.243,410.622
-207700,-3.25,410.389
-207600,-3.3,410.156
-207500,-3.338,409.923
-207400,-3.41,409.69
-207300,-3.459,409.457
-207200,-3.51,409.224
-207100,-3.579,408.991
-207000,-3.62,408.758
-206900,-3.71,408.814
-206800,-3.724,408.88
-206700,-3.75,408.946
-206600,-3.77,409.012
-206500,-3.79,409.078
-206400,-3.815,409.144
-206300,-3.83,409.21
-206200,-3.86,409.276
-206100,-3.87,409.342
-206000,-3.89,409.408
-205900,-3.89,409.75
-205800,-3.89,410.102
-205700,-3.902,410.454
-205600,-3.91,410.806
-205500,-3.93,411.158
-205400,-3.937,411.51
-205300,-3.95,411.862
-205200,-3.974,412.214
-205100,-4,412.566
-205000,-4.025,412.918
-204900,-4.04,413.512
-204800,-4.1,414.114
-204700,-4.104,414.716
-204600,-4.11,415.318
-204500,-4.115,415.92
-204400,-4.12,416.522
-204300,-4.133,417.124
-204200,-4.14,417.726
-204100,-4.15,418.328
-204000,-4.142,418.931
-203900,-4.13,419.724
-203800,-4.101,420.524
-203700,-4.08,421.324
-203600,-3.96,422.124
-203500,-3.915,422.924
-203400,-3.84,423.724
-203300,-3.772,424.524
-203200,-3.72,425.324
-203100,-3.6,426.125
-203000,-3.56,426.925
-202900,-3.49,427.849
-202800,-3.423,428.777
-202700,-3.37,429.705
-202600,-3.27,430.633
-202500,-3.256,431.561
-202400,-3.23,432.489
-202300,-3.219,433.417
-202200,-3.21,434.345
-202100,-3.17,435.273
-202000,-3.161,436.201
-201900,-3.15,437.174
-201800,-3.15,438.148
-201700,-3.147,439.122
-201600,-3.14,440.096
-201500,-3.109,441.07
-201400,-3.09,442.044
-201300,-3.04,443.018
-201200,-3.013,443.992
-201100,-2.99,444.966
-201000,-2.92,445.94
-200900,-2.872,446.872
-200800,-2.82,447.802
-200700,-2.7,448.732
-200600,-2.636,449.662
-200500,-2.56,450.592
-200400,-2.5,451.522
-200300,-2.491,452.452
-200200,-2.48,453.382
-200100,-2.46,454.312
-200000,-2.451,455.242
-199900,-2.44,456.045
-199800,-2.41,456.844
-199700,-2.41,457.643
-199600,-2.41,458.442
-199500,-2.43,459.241
-199400,-2.43,460.04
-199300,-2.43,460.839
-199200,-2.46,461.638
-199100,-2.472,462.437
-199000,-2.48,463.237
-198900,-2.47,463.833
-198800,-2.45,464.423
-198700,-2.419,465.013
-198600,-2.38,465.603
-198500,-2.31,466.193
-198400,-2.297,466.783
-198300,-2.28,467.373
-198200,-2.28,467.963
-198100,-2.296,468.553
-198000,-2.31,469.143
-197900,-2.39,469.472
-197800,-2.429,469.793
-197700,-2.475,470.114
-197600,-2.52,470.435
-197500,-2.59,470.756
-197400,-2.619,471.077
-197300,-2.65,471.398
-197200,-2.7,471.719
-197100,-2.725,472.04
-197000,-2.74,472.361
-196900,-2.79,472.386
-196800,-2.84,472.402
-196700,-2.854,472.418
-196600,-2.87,472.434
-196500,-2.88,472.45
-196400,-2.886,472.466
-196300,-2.89,472.482
-196200,-2.93,472.498
-196100,-2.98,472.514
-196000,-3.003,472.53
-195900,-3.04,472.244
-195800,-3.16,471.95
-195700,-3.224,471.656
-195600,-3.29,471.362
-195500,-3.37,471.068
-195400,-3.411,470.774
-195300,-3.44,470.48
-195200,-3.48,470.186
-195100,-3.49,469.892
-195000,-3.483,469.598
-194900,-3.47,469.025
-194800,-3.464,468.444
-194700,-3.46,467.863
-194600,-3.46,467.282
-194500,-3.471,466.701
-194400,-3.48,466.12
-194300,-3.47,465.539
-194200,-3.49,464.957
-194100,-3.508,464.376
-194000,-3.53,463.795
-193900,-3.58,462.986
-193800,-3.71,462.169
-193700,-3.9,461.353
-193600,-4.04,460.537
-193500,-4.112,459.721
-193400,-4.211,458.905
-193300,-4.26,458.089
-193200,-4.29,457.273
-193100,-4.32,456.457
-193000,-4.36,455.641
-192900,-4.4,454.666
-192800,-4.44,453.687
-192700,-4.48,452.708
-192600,-4.497,451.729
-192500,-4.51,450.75
-192400,-4.58,449.771
-192300,-4.67,448.792
-192200,-4.79,447.813
-192100,-4.9,446.834
-192000,-4.95,445.855
-191900,-5.06,444.801
-191800,-5.11,443.744
-191700,-5.12,442.688
-191600,-5.11,441.632
-191500,-5.06,440.576
-191400,-4.95,439.52
-191300,-4.81,438.464
-191200,-4.7,437.408
-191100,-4.61,436.352
-191000,-4.53,435.296
-190900,-4.5,434.25
-190800,-4.45,433.204
-190700,-4.445,432.158
-190600,-4.44,431.111
-190500,-4.49,430.065
-190400,-4.57,429.019
-190300,-4.74,427.973
-190200,-4.9,426.927
-190100,-5.03,425.881
-190000,-5.14,424.835
-189900,-5.25,423.882
-189800,-5.38,422.931
-189700,-5.49,421.98
-189600,-5.56,421.029
-189500,-5.55,420.078
-189400,-5.54,419.126
-189300,-5.47,418.175
-189200,-5.35,417.224
-189100,-5.24,416.273
-189000,-5.14,415.322
-188900,-5.04,414.536
-188800,-4.99,413.754
-188700,-5,412.972
-188600,-5,412.19
-188500,-5.01,411.408
-188400,-4.99,410.626
-188300,-4.94,409.844
-188200,-4.904,409.062
-188100,-4.817,408.28
-188000,-4.76,407.498
-187900,-4.63,406.936
-187800,-4.53,406.379
-187700,-4.47,405.822
-187600,-4.42,405.265
-187500,-4.38,404.708
-187400,-4.35,404.151
-187300,-4.4,403.593
-187200,-4.55,403.036
-187100,-4.76,402.479
-187000,-4.96,401.922
-186900,-5.19,401.625
-186800,-5.39,401.332
-186700,-5.56,401.04
-186600,-5.7,400.748
-186500,-5.75,400.456
-186400,-5.81,400.164
-186300,-5.91,399.872
-186200,-6.04,399.58
-186100,-6.13,399.288
-186000,-6.17,398.996
-185900,-6.2,398.98
-185800,-6.27,398.97
-185700,-6.34,398.96
-185600,-6.39,398.95
-185500,-6.385,398.94
-185400,-6.38,398.93
-185300,-6.38,398.92
-185200,-6.39,398.91
-185100,-6.39,398.9
-185000,-6.36,398.89
-184900,-6.31,399.155
-184800,-6.34,399.426
-184700,-6.38,399.697
-184600,-6.39,399.968
-184500,-6.42,400.239
-184400,-6.453,400.51
-184300,-6.49,400.782
-184200,-6.53,401.053
-184100,-6.57,401.324
-184000,-6.61,401.595
-183900,-6.62,402.121
-183800,-6.6,402.653
-183700,-6.64,403.185
-183600,-6.68,403.717
-183500,-6.72,404.249
-183400,-6.75,404.781
-183300,-6.74,405.313
-183200,-6.72,405.846
-183100,-6.7,406.378
-183000,-6.68,406.91
-182900,-6.66,407.659
-182800,-6.651,408.413
-182700,-6.64,409.167
-182600,-6.61,409.921
-182500,-6.56,410.675
-182400,-6.54,411.429
-182300,-6.56,412.184
-182200,-6.56,412.938
-182100,-6.581,413.692
-182000,-6.6,414.446
-181900,-6.62,415.367
-181800,-6.59,416.292
-181700,-6.55,417.218
-181600,-6.53,418.143
-181500,-6.5,419.068
-181400,-6.49,419.993
-181300,-6.479,420.918
-181200,-6.47,421.843
-181100,-6.44,422.768
-181000,-6.38,423.693
-180900,-6.35,424.722
-180800,-6.28,425.753
-180700,-6.19,426.784
-180600,-6.14,427.815
-180500,-6.08,428.846
-180400,-6,429.877
-180300,-5.955,430.908
-180200,-5.91,431.94
-180100,-5.82,432.971
-180000,-5.69,434.002
-179900,-5.51,435.066
-179800,-5.36,436.131
-179700,-5.21,437.196
-179600,-5.14,438.261
-179500,-5.11,439.326
-179400,-5.13,440.391
-179300,-5.16,441.457
-179200,-5.13,442.522
-179100,-5.1,443.587
-179000,-5.11,444.652
-178900,-5.13,445.68
-178800,-5.12,446.708
-178700,-5.09,447.737
-178600,-5.11,448.765
-178500,-5.17,449.793
-178400,-5.21,450.821
-178300,-5.27,451.849
-178200,-5.38,452.877
-178100,-5.57,453.905
-178000,-5.74,454.933
-177900,-5.9,455.856
-177800,-6.07,456.777
-177700,-6.2,457.698
-177600,-6.28,458.619
-177500,-6.31,459.54
-177400,-6.25,460.461
-177300,-6.13,461.382
-177200,-6.01,462.303
-177100,-5.9,463.224
-177000,-5.8,464.145
-176900,-5.69,464.903
-176800,-5.58,465.658
-176700,-5.53,466.413
-176600,-5.56,467.168
-176500,-5.6,467.923
-176400,-5.67,468.678
-176300,-5.79,469.433
-176200,-5.84,470.188
-176100,-5.83,470.943
-176000,-5.82,471.698
-175900,-5.81,472.246
-175800,-5.79,472.79
-175700,-5.78,473.334
-175600,-5.71,473.878
-175500,-5.6,474.422
-175400,-5.5,474.966
-175300,-5.46,475.51
-175200,-5.41,476.054
-175100,-5.32,476.598
-175000,-5.24,477.142
-174900,-5.1,477.451
-174800,-5.073,477.756
-174700,-5.03,478.061
-174600,-5,478.366
-174500,-5,478.671
-174400,-5,478.976
-174300,-4.99,479.281
-174200,-4.986,479.586
-174100,-4.98,479.891
-174000,-4.96,480.196
-173900,-4.96,480.259
-173800,-4.96,480.319
-173700,-4.97,480.379
-173600,-4.961,480.439
-173500,-4.95,480.499
-173400,-5,480.559
-173300,-5.051,480.619
-173200,-5.1,480.679
-173100,-5.15,480.739
-173000,-5.191,480.799
-172900,-5.22,480.626
-172800,-5.3,480.45
-172700,-5.352,480.274
-172600,-5.38,480.098
-172500,-5.45,479.922
-172400,-5.54,479.746
-172300,-5.577,479.57
-172200,-5.64,479.394
-172100,-5.78,479.218
-172000,-5.825,479.042
-171900,-5.89,478.66
-171800,-6.01,478.275
-171700,-6.078,477.89
-171600,-6.16,477.505
-171500,-6.25,477.12
-171400,-6.22,476.735
-171300,-6.19,476.35
-171200,-6.12,475.965
-171100,-6.115,475.58
-171000,-6.11,475.195
-170900,-6.05,474.642
-170800,-5.986,474.087
-170700,-5.94,473.532
-170600,-5.86,472.977
-170500,-5.822,472.422
-170400,-5.8,471.867
-170300,-5.77,471.312
-170200,-5.71,470.757
-170100,-5.674,470.202
-170000,-5.61,469.647
-169900,-5.56,468.971
-169800,-5.543,468.294
-169700,-5.52,467.617
-169600,-5.5,466.94
-169500,-5.511,466.263
-169400,-5.52,465.586
-169300,-5.59,464.909
-169200,-5.66,464.232
-169100,-5.66,463.555
-169000,-5.66,462.878
-168900,-5.63,462.129
-168800,-5.59,461.38
-168700,-5.564,460.631
-168600,-5.54,459.882
-168500,-5.41,459.133
-168400,-5.32,458.384
-168300,-5.3,457.635
-168200,-5.288,456.886
-168100,-5.27,456.137
-168000,-5.21,455.388
-167900,-5.2,454.619
-167800,-5.22,453.85
-167700,-5.24,453.081
-167600,-5.23,452.312
-167500,-5.23,451.543
-167400,-5.259,450.774
-167300,-5.28,450.005
-167200,-5.36,449.236
-167100,-5.47,448.467
-167000,-5.58,447.698
-166900,-5.635,446.953
-166800,-5.69,446.209
-166700,-5.81,445.465
-166600,-5.86,444.721
-166500,-5.9,443.977
-166400,-5.923,443.233
-166300,-5.96,442.489
-166200,-6.1,441.745
-166100,-6.21,441.001
-166000,-6.254,440.257
-165900,-6.31,439.577
-165800,-6.39,438.898
-165700,-6.45,438.219
-165600,-6.487,437.54
-165500,-6.52,436.861
-165400,-6.55,436.182
-165300,-6.52,435.503
-165200,-6.508,434.824
-165100,-6.5,434.145
-165000,-6.47,433.466
-164900,-6.49,432.882
-164800,-6.506,432.299
-164700,-6.52,431.716
-164600,-6.56,431.133
-164500,-6.58,430.55
-164400,-6.585,429.967
-164300,-6.59,429.384
-164200,-6.61,428.801
-164100,-6.61,428.218
-164000,-6.606,427.635
-163900,-6.6,427.17
-163800,-6.61,426.706
-163700,-6.604,426.242
-163600,-6.6,425.778
-163500,-6.62,425.314
-163400,-6.62,424.85
-163300,-6.624,424.386
-163200,-6.63,423.922
-163100,-6.66,423.458
-163000,-6.682,422.994
-162900,-6.7,422.663
-162800,-6.74,422.334
-162700,-6.766,422.005
-162600,-6.78,421.676
-162500,-6.78,421.347
-162400,-6.76,421.018
-162300,-6.737,420.689
-162200,-6.71,420.36
-162100,-6.63,420.031
-162000,-6.576,419.702
-161900,-6.54,419.512
-161800,-6.44,419.323
-161700,-6.31,419.134
-161600,-6.271,418.945
-161500,-6.22,418.756
-161400,-6.15,418.567
-161300,-6.116,418.378
-161200,-6.09,418.189
-161100,-5.99,418
-161000,-5.91,417.811
-160900,-5.83,417.761
-160800,-5.72,417.712
-160700,-5.62,417.663
-160600,-5.52,417.614
-160500,-5.44,417.565
-160400,-5.38,417.516
-160300,-5.34,417.467
-160200,-5.35,417.418
-160100,-5.37,417.369
-160000,-5.45,417.32
-159900,-5.58,417.405
-159800,-5.87,417.49
-159700,-5.98,417.575
-159600,-6.05,417.66
-159500,-6.1,417.745
-159400,-6.11,417.83
-159300,-6.08,417.915
-159200,-5.95,418
-159100,-5.89,418.085
-159000,-5.78,418.17
-158900,-5.73,418.374
-158800,-5.64,418.579
-158700,-5.54,418.784
-158600,-5.46,418.989
-158500,-5.4,419.194
-158400,-5.34,419.399
-158300,-5.25,419.604
-158200,-5.03,419.809
-158100,-4.92,420.014
-158000,-4.92,420.219
-157900,-4.96,420.528
-157800,-5.08,420.837
-157700,-5.27,421.146
-157600,-5.39,421.455
-157500,-5.51,421.764
-157400,-5.62,422.073
-157300,-5.9,422.382
-157200,-5.99,422.691
-157100,-6.04,423
-157000,-6.06,423.309
-156900,-6.12,423.701
-156800,-6.17,424.093
-156700,-6.28,424.485
-156600,-6.37,424.877
-156500,-6.6,425.269
-156400,-6.71,425.661
-156300,-6.78,426.053
-156200,-6.82,426.445
-156100,-6.84,426.837
-156000,-6.89,427.229
-155900,-6.95,427.679
-155800,-6.93,428.129
-155700,-6.89,428.579
-155600,-6.85,429.029
-155500,-6.72,429.479
-155400,-6.76,429.929
-155300,-6.79,430.379
-155200,-6.8,430.829
-155100,-6.81,431.279
-155000,-6.83,431.729
-154900,-6.85,432.21
-154800,-6.87,432.691
-154700,-6.85,433.172
-154600,-6.79,433.653
-154500,-6.77,434.134
-154400,-6.75,434.615
-154300,-6.61,435.096
-154200,-6.57,435.577
-154100,-6.52,436.058
-154000,-6.49,436.539
-153900,-6.49,437.02
-153800,-6.52,437.501
-153700,-6.5,437.982
-153600,-6.49,438.463
-153500,-6.44,438.944
-153400,-6.41,439.425
-153300,-6.41,439.906
-153200,-6.42,440.387
-153100,-6.41,440.868
-153000,-6.42,441.349
-152900,-6.47,441.8
-152800,-6.5,442.251
-152700,-6.49,442.703
-152600,-6.46,443.154
-152500,-6.44,443.605
-152400,-6.4,444.056
-152300,-6.3,444.507
-152200,-6.2,444.958
-152100,-6.02,445.409
-152000,-5.93,445.86
-151900,-5.88,446.249
-151800,-5.85,446.638
-151700,-5.82,447.027
-151600,-5.81,447.416
-151500,-5.85,447.805
-151400,-5.9,448.194
-151300,-6.01,448.583
-151200,-6.08,448.972
-151100,-6.15,449.361
-151000,-6.19,449.75
-150900,-6.23,450.049
-150800,-6.24,450.348
-150700,-6.24,450.647
-150600,-6.27,450.946
-150500,-6.34,451.245
-150400,-6.31,451.544
-150300,-6.29,451.843
-150200,-6.3,452.142
-150100,-6.32,452.441
-150000,-6.36,452.74
-149900,-6.41,452.923
-149800,-6.51,453.106
-149700,-6.56,453.289
-149600,-6.6,453.472
-149500,-6.66,453.655
-149400,-6.66,453.838
-149300,-6.68,454.021
-149200,-6.69,454.204
-149100,-6.65,454.387
-149000,-6.6,454.57
-148900,-6.55,454.619
-148800,-6.48,454.668
-148700,-6.49,454.717
-148600,-6.49,454.766
-148500,-6.52,454.815
-148400,-6.63,454.864
-148300,-6.68,454.913
-148200,-6.75,454.962
-148100,-6.79,455.011
-148000,-6.82,455.06
-147900,-6.78,454.965
-147800,-6.69,454.87
-147700,-6.63,454.775
-147600,-6.51,454.68
-147500,-6.51,454.585
-147400,-6.53,454.49
-147300,-6.65,454.395
-147200,-6.71,454.3
-147100,-6.72,454.205
-147000,-6.79,454.109
-146900,-6.84,453.872
-146800,-6.85,453.635
-146700,-6.83,453.398
-146600,-6.81,453.161
-146500,-6.79,452.924
-146400,-6.79,452.687
-146300,-6.81,452.45
-146200,-6.78,452.213
-146100,-6.79,451.976
-146000,-6.79,451.739
-145900,-6.81,451.372
-145800,-6.87,451.005
-145700,-6.83,450.638
-145600,-6.81,450.271
-145500,-6.8,449.904
-145400,-6.81,449.537
-145300,-6.83,449.17
-145200,-6.89,448.803
-145100,-6.93,448.436
-145000,-6.94,448.068
-144900,-6.93,447.595
-144800,-6.92,447.122
-144700,-6.89,446.649
-144600,-6.86,446.176
-144500,-6.82,445.703
-144400,-6.79,445.23
-144300,-6.75,444.757
-144200,-6.75,444.284
-144100,-6.75,443.811
-144000,-6.79,443.338
-143900,-6.87,442.794
-143800,-6.95,442.25
-143700,-6.99,441.706
-143600,-7.01,441.162
-143500,-7,440.618
-143400,-6.96,440.074
-143300,-6.89,439.53
-143200,-6.81,438.986
-143100,-6.7,438.442
-143000,-6.642,437.897
-142900,-6.58,437.324
-142800,-6.48,436.751
-142700,-6.38,436.178
-142600,-6.32,435.605
-142500,-6.27,435.032
-142400,-6.22,434.459
-142300,-6.19,433.886
-142200,-6.19,433.313
-142100,-6.23,432.74
-142000,-6.25,432.167
-141900,-6.24,431.614
-141800,-6.231,431.061
-141700,-6.22,430.508
-141600,-6.2,429.955
-141500,-6.16,429.402
-141400,-6.11,428.849
-141300,-6.088,428.296
-141200,-6.07,427.743
-141100,-6.03,427.19
-141000,-6.01,426.637
-140900,-5.99,426.15
-140800,-5.97,425.663
-140700,-5.95,425.176
-140600,-5.9,424.689
-140500,-5.91,424.202
-140400,-5.94,423.715
-140300,-5.929,423.228
-140200,-5.92,422.741
-140100,-5.9,422.254
-140000,-5.87,421.768
-139900,-5.83,421.395
-139800,-5.801,421.022
-139700,-5.78,420.649
-139600,-5.72,420.276
-139500,-5.63,419.902
-139400,-5.54,419.529
-139300,-5.42,419.156
-139200,-5.336,418.783
-139100,-5.27,418.41
-139000,-5.14,418.039
-138900,-5.02,417.82
-138800,-4.9,417.602
-138700,-4.78,417.384
-138600,-4.63,417.166
-138500,-4.549,416.948
-138400,-4.47,416.73
-138300,-4.32,416.512
-138200,-4.15,416.294
-138100,-4,416.076
-138000,-3.86,415.86
-137900,-3.72,415.826
-137800,-3.61,415.792
-137700,-3.594,415.758
-137600,-3.58,415.724
-137500,-3.58,415.69
-137400,-3.57,415.656
-137300,-3.556,415.622
-137200,-3.55,415.588
-137100,-3.51,415.554
-137000,-3.491,415.521
-136900,-3.46,415.692
-136800,-3.42,415.864
-136700,-3.38,416.035
-136600,-3.305,416.206
-136500,-3.26,416.377
-136400,-3.154,416.548
-136300,-3.11,416.719
-136200,-2.93,416.89
-136100,-2.868,417.061
-136000,-2.73,417.234
-135900,-2.655,417.616
-135800,-2.53,417.998
-135700,-2.463,418.38
-135600,-2.38,418.762
-135500,-2.332,419.144
-135400,-2.29,419.526
-135300,-2.258,419.908
-135200,-2.24,420.29
-135100,-2.19,420.672
-135000,-2.181,421.056
-134900,-2.16,421.637
-134800,-2.151,422.218
-134700,-2.14,422.799
-134600,-2.118,423.38
-134500,-2.1,423.961
-134400,-2.065,424.542
-134300,-2.05,425.123
-134200,-1.99,425.704
-134100,-1.982,426.285
-134000,-1.97,426.868
-133900,-1.953,427.624
-133800,-1.94,428.38
-133700,-1.87,429.136
-133600,-1.837,429.892
-133500,-1.78,430.648
-133400,-1.72,431.404
-133300,-1.68,432.16
-133200,-1.57,432.916
-133100,-1.521,433.672
-133000,-1.46,434.43
-132900,-1.36,435.317
-132800,-1.335,436.204
-132700,-1.29,437.091
-132600,-1.251,437.978
-132500,-1.23,438.865
-132400,-1.18,439.752
-132300,-1.151,440.639
-132200,-1.13,441.526
-132100,-1.09,442.413
-132000,-1.066,443.301
-131900,-1.05,444.263
-131800,-0.99,445.225
-131700,-0.951,446.187
-131600,-0.923,447.149
-131500,-0.91,448.111
-131400,-0.87,449.073
-131300,-0.853,450.035
-131200,-0.83,450.998
-131100,-0.8,451.96
-131000,-0.767,452.922
-130900,-0.74,453.888
-130800,-0.66,454.854
-130700,-0.53,455.82
-130600,-0.473,456.786
-130500,-0.39,457.752
-130400,-0.3,458.718
-130300,-0.247,459.684
-130200,-0.21,460.65
-130100,-0.12,461.616
-130000,-0.06,462.581
-129900,-0.037,463.475
-129800,-0.02,464.369
-129700,0.02,465.264
-129600,0.08,466.158
-129500,0.158,467.052
-129400,0.21,467.946
-129300,0.37,468.84
-129200,0.45,469.734
-129100,0.44,470.628
-129000,0.406,471.52
-128900,0.38,472.264
-128800,0.29,473.008
-128700,0.2,473.752
-128600,0.16,474.496
-128500,0.143,475.24
-128400,0.13,475.984
-128300,0.14,476.728
-128200,0.2,477.472
-128100,0.26,478.216
-128000,0.29,478.957
-127900,0.285,479.477
-127800,0.28,479.997
-127700,0.28,480.517
-127600,0.33,481.037
-127500,0.4,481.557
-127400,0.48,482.077
-127300,0.55,482.597
-127200,0.56,483.117
-127100,0.57,483.637
-127000,0.53,484.153
-126900,0.47,484.391
-126800,0.38,484.629
-126700,0.34,484.867
-126600,0.44,485.105
-126500,0.61,485.343
-126400,0.75,485.581
-126300,0.85,485.819
-126200,0.93,486.057
-126100,0.98,486.295
-126000,1.03,486.529
-125900,1.08,486.447
-125800,1.11,486.365
-125700,1.09,486.283
-125600,1.01,486.201
-125500,0.81,486.119
-125400,0.69,486.037
-125300,0.68,485.955
-125200,0.68,485.873
-125100,0.71,485.791
-125000,0.63,485.705
-124900,0.45,485.294
-124800,0.42,484.883
-124700,0.4,484.472
-124600,0.31,484.061
-124500,0.15,483.65
-124400,-0.22,483.239
-124300,-0.57,482.828
-124200,-0.66,482.417
-124100,-0.64,482.006
-124000,-0.55,481.591
-123900,-0.41,480.868
-123800,-0.25,480.145
-123700,-0.26,479.422
-123600,-0.42,478.699
-123500,-0.63,477.976
-123400,-0.62,477.253
-123300,-0.57,476.53
-123200,-0.47,475.807
-123100,-0.41,475.084
-123000,-0.43,474.357
-122900,-0.34,473.371
-122800,-0.3,472.385
-122700,-0.39,471.399
-122600,-0.49,470.413
-122500,-0.51,469.427
-122400,-0.55,468.441
-122300,-0.66,467.455
-122200,-0.9,466.469
-122100,-1.13,465.483
-122000,-1.18,464.495
-121900,-0.99,463.316
-121800,-0.8,462.137
-121700,-0.74,460.958
-121600,-0.69,459.779
-121500,-0.69,458.6
-121400,-0.7,457.421
-121300,-0.87,456.242
-121200,-1.07,455.063
-121100,-1.2,453.884
-121000,-1.41,452.704
-120900,-1.42,451.423
-120800,-1.43,450.142
-120700,-1.34,448.861
-120600,-1.2,447.58
-120500,-1.14,446.299
-120400,-1.2,445.018
-120300,-1.38,443.737
-120200,-1.64,442.456
-120100,-1.71,441.175
-120000,-1.61,439.894
-119900,-1.59,438.61
-119800,-1.64,437.326
-119700,-1.62,436.042
-119600,-1.62,434.758
-119500,-1.72,433.474
-119400,-1.61,432.19
-119300,-1.61,430.906
-119200,-1.64,429.622
-119100,-1.66,428.338
-119000,-1.61,427.055
-118900,-1.76,425.865
-118800,-1.95,424.675
-118700,-2,423.485
-118600,-2.05,422.295
-118500,-2.12,421.105
-118400,-2.09,419.915
-118300,-2.03,418.725
-118200,-2.05,417.535
-118100,-2.18,416.345
-118000,-2.3,415.158
-117900,-2.45,414.151
-117800,-2.75,413.144
-117700,-2.87,412.137
-117600,-2.99,411.13
-117500,-3.06,410.123
-117400,-3.13,409.116
-117300,-3.07,408.109
-117200,-2.88,407.102
-117100,-2.77,406.095
-117000,-2.77,405.091
-116900,-2.91,404.341
-116800,-3.25,403.591
-116700,-3.59,402.841
-116600,-3.85,402.091
-116500,-3.99,401.341
-116400,-3.92,400.591
-116300,-3.9,399.841
-116200,-3.92,399.091
-116100,-3.94,398.341
-116000,-3.95,397.595
-115900,-4,397.156
-115800,-4.06,396.717
-115700,-4.17,396.278
-115600,-4.21,395.839
-115500,-4.23,395.4
-115400,-4.24,394.961
-115300,-4.3,394.522
-115200,-4.34,394.083
-115100,-4.38,393.644
-115000,-4.42,393.209
-114900,-4.47,393.108
-114800,-4.62,393.007
-114700,-4.72,392.906
-114600,-4.8,392.805
-114500,-4.81,392.704
-114400,-4.8,392.603
-114300,-4.81,392.502
-114200,-4.82,392.401
-114100,-4.85,392.3
-114000,-4.87,392.203
-113900,-4.9,392.444
-113800,-4.94,392.685
-113700,-4.95,392.926
-113600,-4.94,393.167
-113500,-4.9,393.408
-113400,-4.76,393.649
-113300,-4.73,393.89
-113200,-4.72,394.131
-113100,-4.71,394.372
-113000,-4.72,394.617
-112900,-4.74,395.179
-112800,-4.76,395.74
-112700,-4.78,396.302
-112600,-4.82,396.864
-112500,-4.84,397.426
-112400,-4.83,397.988
-112300,-4.77,398.55
-112200,-4.7,399.112
-112100,-4.63,399.674
-112000,-4.57,400.24
-111900,-4.54,401.078
-111800,-4.52,401.916
-111700,-4.52,402.754
-111600,-4.53,403.592
-111500,-4.57,404.43
-111400,-4.64,405.268
-111300,-4.72,406.105
-111200,-4.86,406.943
-111100,-4.94,407.781
-111000,-5.01,408.622
-110900,-5.07,409.667
-110800,-5.1,410.712
-110700,-5.11,411.757
-110600,-5.1,412.802
-110500,-5.08,413.847
-110400,-5.06,414.892
-110300,-5.03,415.937
-110200,-5.03,416.982
-110100,-5.03,418.027
-110000,-5.03,419.073
-109900,-5.07,420.24
-109800,-5.12,421.407
-109700,-5.18,422.574
-109600,-5.23,423.741
-109500,-5.27,424.908
-109400,-5.29,426.075
-109300,-5.31,427.242
-109200,-5.33,428.409
-109100,-5.31,429.576
-109000,-5.26,430.743
-108900,-5.14,431.937
-108800,-4.98,433.131
-108700,-4.79,434.325
-108600,-4.6,435.519
-108500,-4.42,436.713
-108400,-4.25,437.907
-108300,-4.09,439.101
-108200,-3.94,440.295
-108100,-3.8,441.489
-108000,-3.69,442.682
-107900,-3.66,443.806
-107800,-3.65,444.93
-107700,-3.63,446.054
-107600,-3.6,447.178
-107500,-3.54,448.302
-107400,-3.44,449.426
-107300,-3.32,450.55
-107200,-3.18,451.674
-107100,-3.03,452.798
-107000,-2.9,453.92
-106900,-2.92,454.882
-106800,-2.97,455.844
-106700,-3.03,456.806
-106600,-3.09,457.768
-106500,-3.22,458.73
-106400,-3.32,459.692
-106300,-3.43,460.654
-106200,-3.51,461.616
-106100,-3.54,462.578
-106000,-3.52,463.538
-105900,-3.53,464.266
-105800,-3.53,464.994
-105700,-3.52,465.722
-105600,-3.5,466.45
-105500,-3.5,467.178
-105400,-3.51,467.906
-105300,-3.51,468.634
-105200,-3.43,469.362
-105100,-3.39,470.09
-105000,-3.36,470.815
-104900,-3.35,471.257
-104800,-3.36,471.699
-104700,-3.4,472.141
-104600,-3.43,472.583
-104500,-3.45,473.025
-104400,-3.5,473.467
-104300,-3.55,473.909
-104200,-3.5,474.351
-104100,-3.47,474.793
-104000,-3.42,475.231
-103900,-3.18,475.367
-103800,-3.05,475.503
-103700,-2.92,475.639
-103600,-2.84,475.775
-103500,-2.73,475.911
-103400,-2.69,476.047
-103300,-2.64,476.183
-103200,-2.58,476.319
-103100,-2.57,476.455
-103000,-2.55,476.588
-102900,-2.49,476.427
-102800,-2.45,476.266
-102700,-2.4,476.105
-102600,-2.32,475.944
-102500,-2.29,475.783
-102400,-2.22,475.622
-102300,-2.26,475.461
-102200,-2.29,475.3
-102100,-2.31,475.139
-102000,-2.32,474.976
-101900,-2.34,474.551
-101800,-2.45,474.126
-101700,-2.53,473.701
-101600,-2.65,473.276
-101500,-2.69,472.851
-101400,-2.74,472.426
-101300,-2.9,472.001
-101200,-2.98,471.576
-101100,-3.03,471.151
-101000,-3.05,470.724
-100900,-3.06,470.092
-100800,-3.04,469.46
-100700,-3.06,468.828
-100600,-3.06,468.196
-100500,-3.05,467.564
-100400,-3.05,466.932
-100300,-3.08,466.3
-100200,-3.11,465.668
-100100,-3.14,465.036
-100000,-3.18,464.403
-99900,-3.21,463.636
-99800,-3.23,462.869
-99700,-3.28,462.102
-99600,-3.33,461.335
-99500,-3.36,460.568
-99400,-3.42,459.801
-99300,-3.48,459.034
-99200,-3.52,458.267
-99100,-3.56,457.5
-99000,-3.61,456.732
-98900,-3.66,455.905
-98800,-3.72,455.078
-98700,-3.72,454.251
-98600,-3.69,453.424
-98500,-3.69,452.597
-98400,-3.67,451.77
-98300,-3.6,450.943
-98200,-3.53,450.116
-98100,-3.51,449.289
-98000,-3.5,448.463
-97900,-3.58,447.652
-97800,-3.68,446.841
-97700,-3.77,446.03
-97600,-3.84,445.219
-97500,-3.82,444.408
-97400,-3.83,443.597
-97300,-3.97,442.786
-97200,-3.97,441.975
-97100,-3.99,441.164
-97000,-3.93,440.353
-96900,-3.91,439.627
-96800,-3.92,438.901
-96700,-4.06,438.175
-96600,-4.09,437.449
-96500,-4.11,436.723
-96400,-4.15,435.998
-96300,-4.09,435.272
-96200,-3.94,434.546
-96100,-3.87,433.82
-96000,-3.82,433.095
-95900,-3.73,432.508
-95800,-3.69,431.921
-95700,-3.62,431.334
-95600,-3.58,430.747
-95500,-3.56,430.16
-95400,-3.5,429.573
-95300,-3.47,428.986
-95200,-3.5,428.399
-95100,-3.45,427.812
-95000,-3.45,427.226
-94900,-3.45,426.82
-94800,-3.51,426.412
-94700,-3.54,426.006
-94600,-3.56,425.598
-94500,-3.57,425.192
-94400,-3.63,424.785
-94300,-3.74,424.378
-94200,-3.74,423.971
-94100,-3.71,423.564
-94000,-3.61,423.158
-93900,-3.62,422.956
-93800,-3.66,422.754
-93700,-3.71,422.552
-93600,-3.72,422.35
-93500,-3.77,422.148
-93400,-3.7,421.946
-93300,-3.56,421.744
-93200,-3.54,421.542
-93100,-3.55,421.34
-93000,-3.59,421.14
-92900,-3.62,421.149
-92800,-3.75,421.158
-92700,-3.82,421.167
-92600,-3.99,421.176
-92500,-4.19,421.185
-92400,-4.17,421.194
-92300,-3.93,421.203
-92200,-3.87,421.212
-92100,-3.81,421.221
-92000,-3.79,421.232
-91900,-3.79,421.445
-91800,-3.82,421.658
-91700,-3.8,421.871
-91600,-3.86,422.084
-91500,-3.98,422.297
-91400,-4.04,422.51
-91300,-4.09,422.723
-91200,-4.06,422.936
-91100,-3.96,423.149
-91000,-3.72,423.363
-90900,-3.72,423.755
-90800,-3.73,424.147
-90700,-3.72,424.539
-90600,-3.76,424.931
-90500,-3.84,425.323
-90400,-4.06,425.715
-90300,-4.14,426.107
-90200,-4.18,426.499
-90100,-4.29,426.891
-90000,-4.24,427.284
-89900,-4.16,427.819
-89800,-4.17,428.354
-89700,-4.19,428.889
-89600,-4.35,429.424
-89500,-4.46,429.959
-89400,-4.55,430.494
-89300,-4.6,431.029
-89200,-4.56,431.564
-89100,-4.5,432.099
-89000,-4.42,432.635
-88900,-4.29,433.267
-88800,-4.31,433.899
-88700,-4.28,434.531
-88600,-4.24,435.163
-88500,-4.09,435.795
-88400,-4.02,436.427
-88300,-3.98,437.059
-88200,-3.94,437.691
-88100,-3.83,438.323
-88000,-3.75,438.955
-87900,-3.72,439.629
-87800,-3.72,440.303
-87700,-3.75,440.977
-87600,-3.79,441.651
-87500,-3.84,442.325
-87400,-3.91,442.999
-87300,-4.02,443.673
-87200,-4.07,444.347
-87100,-4.09,445.021
-87000,-4.06,445.695
-86900,-3.96,446.354
-86800,-3.82,447.013
-86700,-3.72,447.672
-86600,-3.66,448.331
-86500,-3.61,448.99
-86400,-3.53,449.649
-86300,-3.45,450.308
-86200,-3.38,450.967
-86100,-3.32,451.626
-86000,-3.3,452.284
-85900,-3.33,452.871
-85800,-3.33,453.458
-85700,-3.31,454.045
-85600,-3.3,454.632
-85500,-3.3,455.219
-85400,-3.32,455.806
-85300,-3.33,456.393
-85200,-3.37,456.98
-85100,-3.39,457.567
-85000,-3.37,458.153
-84900,-3.37,458.618
-84800,-3.34,459.083
-84700,-3.24,459.548
-84600,-3.05,460.013
-84500,-3,460.478
-84400,-2.95,460.943
-84300,-2.91,461.408
-84200,-2.85,461.873
-84100,-2.81,462.338
-84000,-2.68,462.802
-83900,-2.59,463.103
-83800,-2.56,463.404
-83700,-2.49,463.705
-83600,-2.43,464.006
-83500,-2.31,464.307
-83400,-2.24,464.608
-83300,-2.18,464.909
-83200,-2.13,465.21
-83100,-2.19,465.511
-83000,-2.36,465.811
-82900,-2.39,465.921
-82800,-2.39,466.031
-82700,-2.37,466.141
-82600,-2.31,466.251
-82500,-2.27,466.361
-82400,-2.24,466.471
-82300,-2.27,466.581
-82200,-2.51,466.691
-82100,-2.64,466.801
-82000,-2.7,466.909
-81900,-2.78,466.817
-81800,-2.99,466.725
-81700,-3.07,466.633
-81600,-3.1,466.541
-81500,-3.06,466.449
-81400,-2.89,466.357
-81300,-2.8,466.265
-81200,-2.83,466.173
-81100,-2.89,466.081
-81000,-2.87,465.988
-80900,-2.8,465.696
-80800,-2.73,465.404
-80700,-2.7,465.112
-80600,-2.58,464.82
-80500,-2.51,464.528
-80400,-2.55,464.236
-80300,-2.68,463.944
-80200,-2.97,463.652
-80100,-3.05,463.36
-80000,-3.15,463.067
-79900,-3.22,462.598
-79800,-3.27,462.129
-79700,-3.22,461.66
-79600,-3.14,461.191
-79500,-3.03,460.722
-79400,-2.91,460.253
-79300,-2.79,459.784
-79200,-2.84,459.315
-79100,-2.88,458.846
-79000,-2.91,458.376
-78900,-2.94,457.764
-78800,-3,457.152
-78700,-3.09,456.54
-78600,-3.13,455.928
-78500,-3.16,455.316
-78400,-3.29,454.704
-78300,-3.47,454.092
-78200,-3.52,453.48
-78100,-3.5,452.868
-78000,-3.77,452.256
-77900,-3.93,451.544
-77800,-4.1,450.832
-77700,-4.09,450.12
-77600,-4.25,449.408
-77500,-4.24,448.696
-77400,-4.2,447.984
-77300,-3.9,447.272
-77200,-3.93,446.56
-77100,-4.03,445.848
-77000,-4.09,445.135
-76900,-4.34,444.375
-76800,-4.48,443.613
-76700,-4.6,442.852
-76600,-4.74,442.092
-76500,-4.74,441.331
-76400,-4.68,440.57
-76300,-4.78,439.809
-76200,-4.91,439.048
-76100,-4.96,438.287
-76000,-5.11,437.526
-75900,-5.06,436.77
-75800,-4.73,436.014
-75700,-4.73,435.258
-75600,-4.49,434.502
-75500,-4.18,433.746
-75400,-4.03,432.99
-75300,-4.1,432.234
-75200,-4.08,431.478
-75100,-4.03,430.722
-75000,-4.03,429.966
-74900,-4.01,429.263
-74800,-4.07,428.56
-74700,-4.2,427.857
-74600,-4.19,427.154
-74500,-4.38,426.451
-74400,-4.64,425.748
-74300,-4.72,425.045
-74200,-4.71,424.342
-74100,-4.72,423.639
-74000,-4.89,422.937
-73900,-4.93,422.333
-73800,-5.06,421.729
-73700,-5.24,421.125
-73600,-5.36,420.521
-73500,-5.52,419.917
-73400,-5.42,419.313
-73300,-5.16,418.709
-73200,-5.04,418.105
-73100,-4.96,417.501
-73000,-4.93,416.897
-72900,-4.89,416.427
-72800,-4.9,415.955
-72700,-4.97,415.485
-72600,-4.86,415.014
-72500,-4.58,414.543
-72400,-4.3,414.072
-72300,-4.24,413.601
-72200,-4.24,413.13
-72100,-4.33,412.659
-72000,-4.39,412.188
-71900,-4.44,411.877
-71800,-4.51,411.566
-71700,-4.6,411.255
-71600,-4.85,410.944
-71500,-5.07,410.633
-71400,-5.2,410.322
-71300,-5.47,410.011
-71200,-5.68,409.7
-71100,-5.74,409.389
-71000,-5.66,409.079
-70900,-5.31,408.94
-70800,-5.02,408.801
-70700,-4.98,408.662
-70600,-4.94,408.523
-70500,-5.15,408.384
-70400,-5.25,408.245
-70300,-5.51,408.106
-70200,-5.87,407.967
-70100,-6.08,407.828
-70000,-6.09,407.69
-69900,-6.03,407.726
-69800,-5.92,407.762
-69700,-5.88,407.798
-69600,-5.86,407.834
-69500,-5.83,407.87
-69400,-5.74,407.906
-69300,-5.67,407.942
-69200,-5.62,407.978
-69100,-5.6,408.014
-69000,-5.61,408.051
-68900,-5.71,408.253
-68800,-5.84,408.455
-68700,-5.89,408.657
-68600,-5.91,408.859
-68500,-5.94,409.061
-68400,-5.96,409.263
-68300,-5.92,409.465
-68200,-5.82,409.667
-68100,-5.82,409.869
-68000,-5.86,410.072
-67900,-5.82,410.422
-67800,-5.84,410.772
-67700,-5.76,411.122
-67600,-5.67,411.472
-67500,-5.51,411.822
-67400,-5.42,412.172
-67300,-5.22,412.522
-67200,-5.14,412.872
-67100,-5.07,413.222
-67000,-5.01,413.572
-66900,-5.01,414.042
-66800,-5.14,414.512
-66700,-5.25,414.982
-66600,-5.49,415.452
-66500,-5.59,415.922
-66400,-5.7,416.392
-66300,-5.85,416.862
-66200,-5.83,417.332
-66100,-5.71,417.802
-66000,-5.58,418.272
-65900,-5.43,418.829
-65800,-5.37,419.386
-65700,-5.27,419.943
-65600,-5.16,420.5
-65500,-5.09,421.057
-65400,-5.06,421.614
-65300,-5.07,422.171
-65200,-5.12,422.728
-65100,-5.17,423.285
-65000,-5.19,423.843
-64900,-5.22,424.45
-64800,-5.22,425.057
-64700,-5.22,425.664
-64600,-5.204,426.271
-64500,-5.19,426.878
-64400,-5.11,427.485
-64300,-5.02,428.092
-64200,-4.97,428.699
-64100,-4.94,429.306
-64000,-4.92,429.913
-63900,-4.86,430.534
-63800,-4.78,431.155
-63700,-4.7,431.776
-63600,-4.64,432.397
-63500,-4.59,433.018
-63400,-4.54,433.639
-63300,-4.5,434.259
-63200,-4.45,434.88
-63100,-4.41,435.501
-63000,-4.38,436.122
-62900,-4.37,436.719
-62800,-4.35,437.316
-62700,-4.37,437.913
-62600,-4.4,438.51
-62500,-4.45,439.107
-62400,-4.53,439.704
-62300,-4.58,440.301
-62200,-4.59,440.898
-62100,-4.55,441.495
-62000,-4.45,442.092
-61900,-4.31,442.634
-61800,-4.19,443.176
-61700,-4.05,443.718
-61600,-3.88,444.26
-61500,-3.73,444.802
-61400,-3.61,445.344
-61300,-3.52,445.886
-61200,-3.51,446.428
-61100,-3.55,446.97
-61000,-3.57,447.512
-60900,-3.6,447.975
-60800,-3.69,448.438
-60700,-3.75,448.901
-60600,-3.77,449.364
-60500,-3.69,449.827
-60400,-3.58,450.29
-60300,-3.48,450.753
-60200,-3.37,451.216
-60100,-3.27,451.679
-60000,-3.17,452.141
-59900,-3.08,452.507
-59800,-3.03,452.873
-59700,-3.07,453.239
-59600,-3.15,453.605
-59500,-3.25,453.971
-59400,-3.31,454.337
-59300,-3.37,454.703
-59200,-3.41,455.069
-59100,-3.42,455.435
-59000,-3.56,455.801
-58900,-3.58,456.06
-58800,-3.59,456.319
-58700,-3.61,456.578
-58600,-3.65,456.837
-58500,-3.71,457.096
-58400,-3.72,457.355
-58300,-3.72,457.614
-58200,-3.75,457.873
-58100,-3.91,458.132
-58000,-3.96,458.391
-57900,-4.03,458.543
-57800,-4.11,458.695
-57700,-4.17,458.847
-57600,-4.24,458.999
-57500,-4.29,459.151
-57400,-4.35,459.303
-57300,-4.44,459.455
-57200,-4.54,459.607
-57100,-4.63,459.759
-57000,-4.68,459.91
-56900,-4.71,459.96
-56800,-4.71,460.01
-56700,-4.7,460.06
-56600,-4.7,460.11
-56500,-4.72,460.16
-56400,-4.78,460.21
-56300,-4.8,460.26
-56200,-4.76,460.31
-56100,-4.54,460.36
-56000,-4.49,460.41
-55900,-4.41,460.369
-55800,-4.39,460.328
-55700,-4.35,460.287
-55600,-4.35,460.246
-55500,-4.44,460.205
-55400,-4.52,460.164
-55300,-4.58,460.123
-55200,-4.58,460.082
-55100,-4.59,460.041
-55000,-4.58,460
-54900,-4.55,459.883
-54800,-4.53,459.766
-54700,-4.51,459.649
-54600,-4.43,459.532
-54500,-4.29,459.415
-54400,-4.14,459.298
-54300,-4.06,459.181
-54200,-4.01,459.064
-54100,-4.06,458.947
-54000,-4.21,458.83
-53900,-4.32,458.653
-53800,-4.37,458.476
-53700,-4.41,458.299
-53600,-4.4,458.122
-53500,-4.32,457.945
-53400,-4.26,457.768
-53300,-4.17,457.591
-53200,-4.08,457.414
-53100,-4.04,457.237
-53000,-4,457.06
-52900,-3.98,456.841
-52800,-3.96,456.622
-52700,-3.96,456.403
-52600,-4.01,456.184
-52500,-4.07,455.965
-52400,-4.16,455.746
-52300,-4.26,455.527
-52200,-4.34,455.308
-52100,-4.36,455.089
-52000,-4.31,454.869
-51900,-4.09,454.626
-51800,-4.02,454.382
-51700,-4.05,454.138
-51600,-4.09,453.894
-51500,-4.12,453.65
-51400,-4.17,453.406
-51300,-4.18,453.162
-51200,-4.19,452.918
-51100,-4.22,452.674
-51000,-4.24,452.43
-50900,-4.25,452.175
-50800,-4.28,451.92
-50700,-4.33,451.665
-50600,-4.38,451.41
-50500,-4.41,451.155
-50400,-4.42,450.9
-50300,-4.45,450.645
-50200,-4.44,450.39
-50100,-4.42,450.135
-50000,-4.45,449.88
-49900,-4.5,449.627
-49800,-4.5,449.374
-49700,-4.49,449.121
-49600,-4.49,448.868
-49500,-4.48,448.615
-49400,-4.51,448.362
-49300,-4.56,448.109
-49200,-4.63,447.856
-49100,-4.7,447.603
-49000,-4.73,447.35
-48900,-4.74,447.11
-48800,-4.74,446.87
-48700,-4.71,446.63
-48600,-4.65,446.39
-48500,-4.62,446.15
-48400,-4.61,445.91
-48300,-4.58,445.67
-48200,-4.58,445.43
-48100,-4.58,445.19
-48000,-4.58,444.95
-47900,-4.64,444.73
-47800,-4.69,444.51
-47700,-4.74,444.29
-47600,-4.87,444.07
-47500,-5,443.85
-47400,-5.06,443.63
-47300,-5.09,443.41
-47200,-5.12,443.19
-47100,-5.07,442.97
-47000,-5.04,442.75
-46900,-5.07,442.557
-46800,-5.13,442.364
-46700,-5.21,442.171
-46600,-5.26,441.978
-46500,-5.26,441.785
-46400,-5.28,441.592
-46300,-5.34,441.399
-46200,-5.37,441.206
-46100,-5.37,441.013
-46000,-5.35,440.82
-45900,-5.32,440.659
-45800,-5.26,440.498
-45700,-5.18,440.337
-45600,-5.1,440.176
-45500,-5.03,440.015
-45400,-4.96,439.854
-45300,-4.94,439.693
-45200,-4.99,439.532
-45100,-5,439.371
-45000,-5.05,439.21
-44900,-5.15,439.083
-44800,-5.18,438.956
-44700,-5.13,438.829
-44600,-5.08,438.702
-44500,-5.06,438.575
-44400,-5.04,438.448
-44300,-4.98,438.321
-44200,-4.91,438.194
-44100,-4.81,438.067
-44000,-4.66,437.94
-43900,-4.53,437.851
-43800,-4.45,437.762
-43700,-4.39,437.673
-43600,-4.32,437.584
-43500,-4.3,437.495
-43400,-4.28,437.406
-43300,-4.25,437.317
-43200,-4.26,437.228
-43100,-4.31,437.139
-43000,-4.32,437.05
-42900,-4.29,436.999
-42800,-4.28,436.948
-42700,-4.25,436.897
-42600,-4.16,436.846
-42500,-4.12,436.795
-42400,-4.13,436.744
-42300,-4.03,436.693
-42200,-3.86,436.642
-42100,-3.81,436.591
-42000,-3.79,436.54
-41900,-3.77,436.528
-41800,-3.72,436.516
-41700,-3.66,436.504
-41600,-3.61,436.492
-41500,-3.63,436.48
-41400,-3.67,436.468
-41300,-3.72,436.456
-41200,-3.79,436.444
-41100,-3.91,436.432
-41000,-4.02,436.42
-40900,-4.19,436.444
-40800,-4.3,436.468
-40700,-4.37,436.492
-40600,-4.47,436.516
-40500,-4.54,436.54
-40400,-4.58,436.564
-40300,-4.69,436.588
-40200,-4.81,436.612
-40100,-4.87,436.636
-40000,-4.91,436.66
-39900,-4.93,436.716
-39800,-4.93,436.772
-39700,-4.91,436.828
-39600,-4.84,436.884
-39500,-4.75,436.94
-39400,-4.67,436.996
-39300,-4.6,437.052
-39200,-4.52,437.108
-39100,-4.45,437.164
-39000,-4.41,437.22
-38900,-4.38,437.302
-38800,-4.34,437.384
-38700,-4.34,437.466
-38600,-4.4,437.548
-38500,-4.46,437.63
-38400,-4.51,437.712
-38300,-4.58,437.794
-38200,-4.61,437.876
-38100,-4.67,437.958
-38000,-4.77,438.04
-37900,-4.89,438.138
-37800,-4.9,438.236
-37700,-4.92,438.334
-37600,-4.91,438.432
-37500,-4.85,438.53
-37400,-4.78,438.628
-37300,-4.72,438.726
-37200,-4.66,438.824
-37100,-4.6,438.922
-37000,-4.55,439.02
-36900,-4.53,439.122
-36800,-4.58,439.224
-36700,-4.65,439.326
-36600,-4.7,439.428
-36500,-4.76,439.53
-36400,-4.8,439.632
-36300,-4.78,439.734
-36200,-4.76,439.836
-36100,-4.73,439.938
-36000,-4.71,440.04
-35900,-4.71,440.131
-35800,-4.79,440.222
-35700,-4.85,440.313
-35600,-4.87,440.404
-35500,-4.91,440.495
-35400,-4.98,440.586
-35300,-5,440.677
-35200,-4.96,440.768
-35100,-4.91,440.859
-35000,-4.84,440.95
-34900,-4.54,441.014
-34800,-4.35,441.078
-34700,-4.16,441.142
-34600,-4.02,441.206
-34500,-3.95,441.27
-34400,-3.99,441.334
-34300,-4.03,441.398
-34200,-4.04,441.462
-34100,-4.06,441.526
-34000,-4.04,441.59
-33900,-4.04,441.61
-33800,-4.04,441.63
-33700,-4.06,441.65
-33600,-4.13,441.67
-33500,-4.16,441.69
-33400,-4.22,441.71
-33300,-4.32,441.73
-33200,-4.56,441.75
-33100,-4.7,441.77
-33000,-4.83,441.79
-32900,-4.98,441.753
-32800,-5.01,441.716
-32700,-5.08,441.679
-32600,-5.16,441.642
-32500,-5.24,441.605
-32400,-5.29,441.568
-32300,-5.35,441.531
-32200,-5.37,441.494
-32100,-5.36,441.457
-32000,-5.34,441.42
-31900,-5.28,441.316
-31800,-5.27,441.212
-31700,-5.2,441.108
-31600,-5.17,441.004
-31500,-5.14,440.9
-31400,-5.1,440.796
-31300,-4.94,440.692
-31200,-4.92,440.588
-31100,-4.94,440.484
-31000,-4.98,440.38
-30900,-5.03,440.205
-30800,-5.16,440.03
-30700,-5.23,439.855
-30600,-5.3,439.68
-30500,-5.4,439.505
-30400,-5.52,439.33
-30300,-5.69,439.155
-30200,-5.69,438.98
-30100,-5.68,438.805
-30000,-5.64,438.63
-29900,-5.59,438.386
-29800,-5.45,438.142
-29700,-5.39,437.898
-29600,-5.32,437.654
-29500,-5.28,437.41
-29400,-5.27,437.166
-29300,-5.27,436.922
-29200,-5.33,436.678
-29100,-5.43,436.434
-29000,-5.54,436.19
-28900,-5.62,435.891
-28800,-5.78,435.592
-28700,-5.86,435.293
-28600,-5.93,434.994
-28500,-5.96,434.695
-28400,-5.96,434.396
-28300,-5.86,434.097
-28200,-5.66,433.798
-28100,-5.45,433.499
-28000,-5.28,433.2
-27900,-5.18,432.866
-27800,-5.01,432.532
-27700,-4.96,432.198
-27600,-4.92,431.864
-27500,-4.92,431.53
-27400,-5,431.196
-27300,-5.26,430.862
-27200,-5.41,430.528
-27100,-5.56,430.194
-27000,-5.65,429.86
-26900,-5.68,429.515
-26800,-5.8,429.17
-26700,-5.87,428.825
-26600,-5.92,428.48
-26500,-5.95,428.135
-26400,-5.97,427.79
-26300,-5.98,427.445
-26200,-5.93,427.1
-26100,-5.9,426.755
-26000,-5.87,426.41
-25900,-5.82,426.088
-25800,-5.69,425.766
-25700,-5.61,425.444
-25600,-5.53,425.122
-25500,-5.44,424.8
-25400,-5.37,424.478
-25300,-5.22,424.156
-25200,-5.18,423.834
-25100,-5.17,423.512
-25000,-5.14,423.19
-24900,-5.11,422.922
-24800,-5.15,422.654
-24700,-5.24,422.386
-24600,-5.32,422.118
-24500,-5.4,421.85
-24400,-5.5,421.582
-24300,-5.51,421.314
-24200,-5.46,421.046
-24100,-5.43,420.778
-24000,-5.34,420.51
-23900,-5.3,420.329
-23800,-5.26,420.148
-23700,-5.26,419.967
-23600,-5.3,419.786
-23500,-5.4,419.605
-23400,-5.47,419.424
-23300,-5.52,419.243
-23200,-5.57,419.062
-23100,-5.68,418.881
-23000,-5.74,418.7
-22900,-5.79,418.63
-22800,-5.82,418.56
-22700,-5.84,418.49
-22600,-5.83,418.42
-22500,-5.83,418.35
-22400,-5.86,418.28
-22300,-5.84,418.21
-22200,-5.77,418.14
-22100,-5.72,418.07
-22000,-5.73,418
-21900,-5.74,418.062
-21800,-5.74,418.124
-21700,-5.77,418.186
-21600,-5.8,418.248
-21500,-5.83,418.31
-21400,-5.84,418.372
-21300,-5.81,418.434
-21200,-5.67,418.496
-21100,-5.57,418.558
-21000,-5.5,418.62
-20900,-5.46,418.822
-20800,-5.4,419.024
-20700,-5.39,419.226
-20600,-5.39,419.428
-20500,-5.42,419.63
-20400,-5.46,419.832
-20300,-5.51,420.034
-20200,-5.54,420.236
-20100,-5.58,420.438
-20000,-5.63,420.64
-19900,-5.57,420.983
-19800,-5.51,421.326
-19700,-5.49,421.669
-19600,-5.48,422.012
-19500,-5.5,422.355
-19400,-5.6,422.698
-19300,-5.67,423.041
-19200,-5.73,423.384
-19100,-5.76,423.727
-19000,-5.83,424.07
-18900,-5.85,424.54
-18800,-5.82,425.01
-18700,-5.79,425.48
-18600,-5.74,425.95
-18500,-5.64,426.42
-18400,-5.63,426.89
-18300,-5.65,427.36
-18200,-5.66,427.83
-18100,-5.74,428.3
-18000,-5.8,428.77
-17900,-5.87,429.343
-17800,-5.9,429.916
-17700,-5.92,430.489
-17600,-5.92,431.062
-17500,-5.89,431.635
-17400,-5.86,432.208
-17300,-5.84,432.781
-17200,-5.81,433.354
-17100,-5.73,433.927
-17000,-5.69,434.5
-16900,-5.65,435.142
-16800,-5.61,435.784
-16700,-5.56,436.426
-16600,-5.56,437.068
-16500,-5.59,437.71
-16400,-5.61,438.352
-16300,-5.58,438.994
-16200,-5.51,439.636
-16100,-5.45,440.278
-16000,-5.27,440.92
-15900,-5.16,441.59
-15800,-5.06,442.26
-15700,-4.83,442.93
-15600,-4.67,443.6
-15500,-4.53,444.27
-15400,-4.36,444.94
-15300,-4.32,445.61
-15200,-4.16,446.28
-15100,-4.05,446.95
-15000,-3.97,447.62
-14900,-3.87,448.27
-14800,-3.85,448.92
-14700,-3.81,449.57
-14600,-3.79,450.22
-14500,-3.67,450.87
-14400,-3.64,451.52
-14300,-3.47,452.17
-14200,-3.29,452.82
-14100,-3.2,453.47
-14000,-3.04,454.12
-13900,-2.91,454.703
-13800,-2.83,455.286
-13700,-2.89,455.869
-13600,-3.03,456.452
-13500,-2.95,457.035
-13400,-2.86,457.618
-13300,-2.5,458.201
-13200,-2.24,458.784
-13100,-2.17,459.367
-13000,-2.04,459.95
-12900,-2.07,460.422
-12800,-2.22,460.894
-12700,-2.32,461.366
-12600,-2.52,461.838
-12500,-2.46,462.31
-12400,-2.35,462.782
-12300,-2.21,463.254
-12200,-2.13,463.726
-12100,-2.19,464.198
-12000,-2.22,464.67
-11900,-2.2,464.995
-11800,-2.22,465.32
-11700,-2.16,465.645
-11600,-2.01,465.97
-11500,-1.78,466.295
-11400,-1.64,466.62
-11300,-1.36,466.945
-11200,-1.2,467.27
-11100,-0.98,467.595
-11000,-0.86,467.92
-10900,-0.51,468.072
-10800,-0.14,468.224
-10700,0.39,468.376
-10600,0.59,468.528
-10500,0.69,468.68
-10400,0.6,468.832
-10300,0.37,468.984
-10200,0.24,469.136
-10100,-0.04,469.288
-10000,-0.03,469.44
-9900,0.02,469.408
-9800,0.12,469.376
-9700,0.34,469.344
-9600,0.3,469.312
-9500,0.2,469.28
-9400,0.17,469.248
-9300,0.13,469.216
-9200,0.19,469.184
-9100,0.28,469.152
-9000,0.3,469.12
-8900,0.31,468.908
-8800,0.16,468.696
-8700,0.04,468.484
-8600,0.1,468.272
-8500,0.04,468.06
-8400,-0.02,467.848
-8300,0.1,467.636
-8200,0.04,467.424
-8100,-0.03,467.212
-8000,-0.05,467
-7900,0,466.629
-7800,0.04,466.258
-7700,-0.05,465.887
-7600,-0.15,465.516
-7500,-0.07,465.145
-7400,-0.02,464.774
-7300,-0.02,464.403
-7200,0.18,464.032
-7100,0.17,463.661
-7000,0.03,463.29
-6900,-0.12,462.792
-6800,-0.33,462.294
-6700,-0.41,461.796
-6600,-0.37,461.298
-6500,-0.31,460.8
-6400,-0.22,460.302
-6300,-0.22,459.804
-6200,-0.27,459.306
-6100,-0.26,458.808
-6000,-0.26,458.31
-5900,0.01,457.727
-5800,0.15,457.144
-5700,0.13,456.561
-5600,-0.01,455.978
-5500,-0.03,455.395
-5400,0.04,454.812
-5300,0.12,454.229
-5200,0.16,453.646
-5100,0.27,453.063
-5000,0.07,452.48
-4900,-0.03,451.86
-4800,-0.19,451.24
-4700,-0.31,450.62
-4600,-0.29,450
-4500,-0.02,449.38
-4400,0.37,448.76
-4300,0.68,448.14
-4200,0.54,447.52
-4100,0.28,446.9
-4000,-0.12,446.28
-3900,-0.55,445.672
-3800,-0.38,445.064
-3700,-0.18,444.456
-3600,0.12,443.848
-3500,0.07,443.24
-3400,0.02,442.632
-3300,-0.01,442.024
-3200,-0.06,441.416
-3100,-0.13,440.808
-3000,-0.2,440.2
-2900,-0.33,439.649
-2800,-0.46,439.098
-2700,-0.38,438.547
-2600,-0.38,437.996
-2500,-0.31,437.445
-2400,-0.27,436.894
-2300,-0.19,436.343
-2200,-0.24,435.792
-2100,-0.15,435.241
-2000,-0.16,434.69
-1900,-0.26,434.233
-1800,-0.51,433.776
-1700,-0.79,433.319
-1600,-0.73,432.862
-1500,-0.46,432.405
-1400,-0.29,431.948
-1300,-0.33,431.491
-1200,-0.44,431.034
-1100,-0.46,430.577
-1000,-0.18,430.12
-900,-0.29,429.784
-800,-0.35,429.448
-700,-0.47,429.112
-600,-0.64,428.776
-500,-0.29,428.44
-400,-0.07,428.104
-300,-0.27,427.768
-200,-0.55,427.432
-100,-0.06,427.096
0,-0.01,426.76
