Title,Pacific Decadal Oscillation Index,,,
Reference,"Zhang, Y., J.M. Wallace, D.S. Battisti, 1997:      ENSO-like interdecadal variability: 1900-93. J. Climate, 10, 1004-1020. ",,,
URL,http://jisao.washington.edu/pdo/PDO.latest,,,
Missing,-999.9,,,
Date,Year,Index,Positive index,Negative index
Jan-00,1900.042,0.04,0.04,0
Feb-00,1900.125,1.32,1.32,0
Mar-00,1900.208,0.49,0.49,0
Apr-00,1900.292,0.35,0.35,0
May-00,1900.375,0.77,0.77,0
Jun-00,1900.458,0.65,0.65,0
Jul-00,1900.542,0.95,0.95,0
Aug-00,1900.625,0.14,0.14,0
Sep-00,1900.708,-0.24,0,-0.24
Oct-00,1900.792,0.23,0.23,0
Nov-00,1900.875,-0.44,0,-0.44
Dec-00,1900.958,1.19,1.19,0
Jan-01,1901.042,0.79,0.79,0
Feb-01,1901.125,-0.12,0,-0.12
Mar-01,1901.208,0.35,0.35,0
Apr-01,1901.292,0.61,0.61,0
May-01,1901.375,-0.42,0,-0.42
Jun-01,1901.458,-0.05,0,-0.05
Jul-01,1901.542,-0.6,0,-0.6
Aug-01,1901.625,-1.2,0,-1.2
Sep-01,1901.708,-0.33,0,-0.33
Oct-01,1901.792,0.16,0.16,0
Nov-01,1901.875,-0.6,0,-0.6
Dec-01,1901.958,-0.14,0,-0.14
Jan-02,1902.042,0.82,0.82,0
Feb-02,1902.125,1.58,1.58,0
Mar-02,1902.208,0.48,0.48,0
Apr-02,1902.292,1.37,1.37,0
May-02,1902.375,1.09,1.09,0
Jun-02,1902.458,0.52,0.52,0
Jul-02,1902.542,1.58,1.58,0
Aug-02,1902.625,1.57,1.57,0
Sep-02,1902.708,0.44,0.44,0
Oct-02,1902.792,0.7,0.7,0
Nov-02,1902.875,0.16,0.16,0
Dec-02,1902.958,-1.1,0,-1.1
Jan-03,1903.042,0.86,0.86,0
Feb-03,1903.125,-0.24,0,-0.24
Mar-03,1903.208,-0.22,0,-0.22
Apr-03,1903.292,-0.5,0,-0.5
May-03,1903.375,0.43,0.43,0
Jun-03,1903.458,0.23,0.23,0
Jul-03,1903.542,0.4,0.4,0
Aug-03,1903.625,1.01,1.01,0
Sep-03,1903.708,-0.24,0,-0.24
Oct-03,1903.792,0.18,0.18,0
Nov-03,1903.875,0.08,0.08,0
Dec-03,1903.958,-0.03,0,-0.03
Jan-04,1904.042,0.63,0.63,0
Feb-04,1904.125,-0.91,0,-0.91
Mar-04,1904.208,-0.71,0,-0.71
Apr-04,1904.292,-0.07,0,-0.07
May-04,1904.375,-0.22,0,-0.22
Jun-04,1904.458,-1.53,0,-1.53
Jul-04,1904.542,-1.58,0,-1.58
Aug-04,1904.625,-0.64,0,-0.64
Sep-04,1904.708,0.06,0.06,0
Oct-04,1904.792,0.43,0.43,0
Nov-04,1904.875,1.45,1.45,0
Dec-04,1904.958,0.06,0.06,0
Jan-05,1905.042,0.73,0.73,0
Feb-05,1905.125,0.91,0.91,0
Mar-05,1905.208,1.31,1.31,0
Apr-05,1905.292,1.59,1.59,0
May-05,1905.375,-0.07,0,-0.07
Jun-05,1905.458,0.69,0.69,0
Jul-05,1905.542,0.85,0.85,0
Aug-05,1905.625,1.26,1.26,0
Sep-05,1905.708,-0.03,0,-0.03
Oct-05,1905.792,-0.15,0,-0.15
Nov-05,1905.875,1.11,1.11,0
Dec-05,1905.958,-0.5,0,-0.5
Jan-06,1906.042,0.92,0.92,0
Feb-06,1906.125,1.18,1.18,0
Mar-06,1906.208,0.83,0.83,0
Apr-06,1906.292,0.74,0.74,0
May-06,1906.375,0.44,0.44,0
Jun-06,1906.458,1.24,1.24,0
Jul-06,1906.542,0.09,0.09,0
Aug-06,1906.625,-0.53,0,-0.53
Sep-06,1906.708,-0.31,0,-0.31
Oct-06,1906.792,0.08,0.08,0
Nov-06,1906.875,1.69,1.69,0
Dec-06,1906.958,-0.54,0,-0.54
Jan-07,1907.042,-0.3,0,-0.3
Feb-07,1907.125,-0.32,0,-0.32
Mar-07,1907.208,-0.19,0,-0.19
Apr-07,1907.292,-0.16,0,-0.16
May-07,1907.375,0.16,0.16,0
Jun-07,1907.458,0.57,0.57,0
Jul-07,1907.542,0.63,0.63,0
Aug-07,1907.625,-0.96,0,-0.96
Sep-07,1907.708,-0.23,0,-0.23
Oct-07,1907.792,0.84,0.84,0
Nov-07,1907.875,0.66,0.66,0
Dec-07,1907.958,0.72,0.72,0
Jan-08,1908.042,1.36,1.36,0
Feb-08,1908.125,1.02,1.02,0
Mar-08,1908.208,0.67,0.67,0
Apr-08,1908.292,0.23,0.23,0
May-08,1908.375,0.23,0.23,0
Jun-08,1908.458,0.41,0.41,0
Jul-08,1908.542,0.6,0.6,0
Aug-08,1908.625,-1.04,0,-1.04
Sep-08,1908.708,-0.16,0,-0.16
Oct-08,1908.792,-0.41,0,-0.41
Nov-08,1908.875,0.47,0.47,0
Dec-08,1908.958,1.16,1.16,0
Jan-09,1909.042,0.23,0.23,0
Feb-09,1909.125,1.01,1.01,0
Mar-09,1909.208,0.54,0.54,0
Apr-09,1909.292,0.24,0.24,0
May-09,1909.375,-0.39,0,-0.39
Jun-09,1909.458,-0.64,0,-0.64
Jul-09,1909.542,-0.39,0,-0.39
Aug-09,1909.625,-0.68,0,-0.68
Sep-09,1909.708,-0.89,0,-0.89
Oct-09,1909.792,-0.02,0,-0.02
Nov-09,1909.875,-0.4,0,-0.4
Dec-09,1909.958,-0.01,0,-0.01
Jan-10,1910.042,-0.25,0,-0.25
Feb-10,1910.125,-0.7,0,-0.7
Mar-10,1910.208,0.18,0.18,0
Apr-10,1910.292,-0.37,0,-0.37
May-10,1910.375,-0.06,0,-0.06
Jun-10,1910.458,-0.28,0,-0.28
Jul-10,1910.542,0.03,0.03,0
Aug-10,1910.625,-0.06,0,-0.06
Sep-10,1910.708,0.4,0.4,0
Oct-10,1910.792,-0.66,0,-0.66
Nov-10,1910.875,0.02,0.02,0
Dec-10,1910.958,0.84,0.84,0
Jan-11,1911.042,-1.11,0,-1.11
Feb-11,1911.125,0,0,0
Mar-11,1911.208,-0.78,0,-0.78
Apr-11,1911.292,-0.73,0,-0.73
May-11,1911.375,0.17,0.17,0
Jun-11,1911.458,0.02,0.02,0
Jul-11,1911.542,0.48,0.48,0
Aug-11,1911.625,0.43,0.43,0
Sep-11,1911.708,0.29,0.29,0
Oct-11,1911.792,0.2,0.2,0
Nov-11,1911.875,-0.86,0,-0.86
Dec-11,1911.958,0.01,0.01,0
Jan-12,1912.042,-1.72,0,-1.72
Feb-12,1912.125,-0.23,0,-0.23
Mar-12,1912.208,-0.04,0,-0.04
Apr-12,1912.292,-0.38,0,-0.38
May-12,1912.375,-0.02,0,-0.02
Jun-12,1912.458,0.77,0.77,0
Jul-12,1912.542,1.07,1.07,0
Aug-12,1912.625,-0.84,0,-0.84
Sep-12,1912.708,0.94,0.94,0
Oct-12,1912.792,0.56,0.56,0
Nov-12,1912.875,0.74,0.74,0
Dec-12,1912.958,0.98,0.98,0
Jan-13,1913.042,-0.03,0,-0.03
Feb-13,1913.125,0.34,0.34,0
Mar-13,1913.208,0.06,0.06,0
Apr-13,1913.292,-0.92,0,-0.92
May-13,1913.375,0.66,0.66,0
Jun-13,1913.458,1.43,1.43,0
Jul-13,1913.542,1.06,1.06,0
Aug-13,1913.625,1.29,1.29,0
Sep-13,1913.708,0.73,0.73,0
Oct-13,1913.792,0.62,0.62,0
Nov-13,1913.875,0.75,0.75,0
Dec-13,1913.958,0.9,0.9,0
Jan-14,1914.042,0.34,0.34,0
Feb-14,1914.125,-0.29,0,-0.29
Mar-14,1914.208,0.08,0.08,0
Apr-14,1914.292,1.2,1.2,0
May-14,1914.375,0.11,0.11,0
Jun-14,1914.458,0.11,0.11,0
Jul-14,1914.542,-0.21,0,-0.21
Aug-14,1914.625,0.11,0.11,0
Sep-14,1914.708,-0.34,0,-0.34
Oct-14,1914.792,-0.11,0,-0.11
Nov-14,1914.875,0.03,0.03,0
Dec-14,1914.958,0.89,0.89,0
Jan-15,1915.042,-0.41,0,-0.41
Feb-15,1915.125,0.14,0.14,0
Mar-15,1915.208,-1.22,0,-1.22
Apr-15,1915.292,1.4,1.4,0
May-15,1915.375,0.32,0.32,0
Jun-15,1915.458,0.99,0.99,0
Jul-15,1915.542,1.07,1.07,0
Aug-15,1915.625,0.27,0.27,0
Sep-15,1915.708,-0.05,0,-0.05
Oct-15,1915.792,-0.43,0,-0.43
Nov-15,1915.875,-0.12,0,-0.12
Dec-15,1915.958,0.17,0.17,0
Jan-16,1916.042,-0.64,0,-0.64
Feb-16,1916.125,-0.19,0,-0.19
Mar-16,1916.208,-0.11,0,-0.11
Apr-16,1916.292,0.35,0.35,0
May-16,1916.375,0.42,0.42,0
Jun-16,1916.458,-0.82,0,-0.82
Jul-16,1916.542,-0.78,0,-0.78
Aug-16,1916.625,-0.73,0,-0.73
Sep-16,1916.708,-0.77,0,-0.77
Oct-16,1916.792,-0.22,0,-0.22
Nov-16,1916.875,-0.68,0,-0.68
Dec-16,1916.958,-1.94,0,-1.94
Jan-17,1917.042,-0.79,0,-0.79
Feb-17,1917.125,-0.84,0,-0.84
Mar-17,1917.208,-0.71,0,-0.71
Apr-17,1917.292,-0.34,0,-0.34
May-17,1917.375,0.82,0.82,0
Jun-17,1917.458,-0.03,0,-0.03
Jul-17,1917.542,0.1,0.1,0
Aug-17,1917.625,-0.22,0,-0.22
Sep-17,1917.708,-0.4,0,-0.4
Oct-17,1917.792,-1.75,0,-1.75
Nov-17,1917.875,-0.34,0,-0.34
Dec-17,1917.958,-0.6,0,-0.6
Jan-18,1918.042,-1.13,0,-1.13
Feb-18,1918.125,-0.66,0,-0.66
Mar-18,1918.208,-1.15,0,-1.15
Apr-18,1918.292,-0.32,0,-0.32
May-18,1918.375,-0.33,0,-0.33
Jun-18,1918.458,0.07,0.07,0
Jul-18,1918.542,0.98,0.98,0
Aug-18,1918.625,-0.31,0,-0.31
Sep-18,1918.708,-0.59,0,-0.59
Oct-18,1918.792,0.61,0.61,0
Nov-18,1918.875,0.34,0.34,0
Dec-18,1918.958,0.86,0.86,0
Jan-19,1919.042,-1.07,0,-1.07
Feb-19,1919.125,1.31,1.31,0
Mar-19,1919.208,-0.5,0,-0.5
Apr-19,1919.292,0.08,0.08,0
May-19,1919.375,0.17,0.17,0
Jun-19,1919.458,-0.71,0,-0.71
Jul-19,1919.542,-0.47,0,-0.47
Aug-19,1919.625,0.38,0.38,0
Sep-19,1919.708,0.06,0.06,0
Oct-19,1919.792,-0.42,0,-0.42
Nov-19,1919.875,-0.8,0,-0.8
Dec-19,1919.958,0.76,0.76,0
Jan-20,1920.042,-1.18,0,-1.18
Feb-20,1920.125,0.06,0.06,0
Mar-20,1920.208,-0.78,0,-0.78
Apr-20,1920.292,-1.29,0,-1.29
May-20,1920.375,-0.97,0,-0.97
Jun-20,1920.458,-1.3,0,-1.3
Jul-20,1920.542,-0.9,0,-0.9
Aug-20,1920.625,-2.21,0,-2.21
Sep-20,1920.708,-1.28,0,-1.28
Oct-20,1920.792,-1.06,0,-1.06
Nov-20,1920.875,-0.26,0,-0.26
Dec-20,1920.958,0.29,0.29,0
Jan-21,1921.042,-0.66,0,-0.66
Feb-21,1921.125,-0.61,0,-0.61
Mar-21,1921.208,-0.01,0,-0.01
Apr-21,1921.292,-0.93,0,-0.93
May-21,1921.375,-0.42,0,-0.42
Jun-21,1921.458,0.4,0.4,0
Jul-21,1921.542,-0.58,0,-0.58
Aug-21,1921.625,-0.69,0,-0.69
Sep-21,1921.708,-0.78,0,-0.78
Oct-21,1921.792,-0.23,0,-0.23
Nov-21,1921.875,1.92,1.92,0
Dec-21,1921.958,1.42,1.42,0
Jan-22,1922.042,1.05,1.05,0
Feb-22,1922.125,-0.85,0,-0.85
Mar-22,1922.208,0.08,0.08,0
Apr-22,1922.292,0.43,0.43,0
May-22,1922.375,-0.19,0,-0.19
Jun-22,1922.458,-1.04,0,-1.04
Jul-22,1922.542,-0.82,0,-0.82
Aug-22,1922.625,-0.93,0,-0.93
Sep-22,1922.708,-0.81,0,-0.81
Oct-22,1922.792,0.84,0.84,0
Nov-22,1922.875,-0.6,0,-0.6
Dec-22,1922.958,0.48,0.48,0
Jan-23,1923.042,0.75,0.75,0
Feb-23,1923.125,-0.04,0,-0.04
Mar-23,1923.208,0.49,0.49,0
Apr-23,1923.292,0.99,0.99,0
May-23,1923.375,-0.2,0,-0.2
Jun-23,1923.458,0.68,0.68,0
Jul-23,1923.542,1.16,1.16,0
Aug-23,1923.625,0.84,0.84,0
Sep-23,1923.708,-0.24,0,-0.24
Oct-23,1923.792,1.1,1.1,0
Nov-23,1923.875,0.62,0.62,0
Dec-23,1923.958,-0.36,0,-0.36
Jan-24,1924.042,1.29,1.29,0
Feb-24,1924.125,0.73,0.73,0
Mar-24,1924.208,1.13,1.13,0
Apr-24,1924.292,-0.02,0,-0.02
May-24,1924.375,0.36,0.36,0
Jun-24,1924.458,0.75,0.75,0
Jul-24,1924.542,-0.55,0,-0.55
Aug-24,1924.625,-0.67,0,-0.67
Sep-24,1924.708,-0.48,0,-0.48
Oct-24,1924.792,-1.25,0,-1.25
Nov-24,1924.875,0.24,0.24,0
Dec-24,1924.958,0.11,0.11,0
Jan-25,1925.042,-0.05,0,-0.05
Feb-25,1925.125,-0.14,0,-0.14
Mar-25,1925.208,0.2,0.2,0
Apr-25,1925.292,0.86,0.86,0
May-25,1925.375,0.79,0.79,0
Jun-25,1925.458,-1.08,0,-1.08
Jul-25,1925.542,-0.06,0,-0.06
Aug-25,1925.625,-0.86,0,-0.86
Sep-25,1925.708,0.52,0.52,0
Oct-25,1925.792,0.04,0.04,0
Nov-25,1925.875,0.88,0.88,0
Dec-25,1925.958,1.19,1.19,0
Jan-26,1926.042,0.3,0.3,0
Feb-26,1926.125,0.98,0.98,0
Mar-26,1926.208,-0.5,0,-0.5
Apr-26,1926.292,2.1,2.1,0
May-26,1926.375,1.43,1.43,0
Jun-26,1926.458,2.03,2.03,0
Jul-26,1926.542,1.05,1.05,0
Aug-26,1926.625,1.64,1.64,0
Sep-26,1926.708,1.18,1.18,0
Oct-26,1926.792,1.65,1.65,0
Nov-26,1926.875,1,1,0
Dec-26,1926.958,1.06,1.06,0
Jan-27,1927.042,1.07,1.07,0
Feb-27,1927.125,1.73,1.73,0
Mar-27,1927.208,0.15,0.15,0
Apr-27,1927.292,-0.18,0,-0.18
May-27,1927.375,0.3,0.3,0
Jun-27,1927.458,0.69,0.69,0
Jul-27,1927.542,-0.31,0,-0.31
Aug-27,1927.625,-0.73,0,-0.73
Sep-27,1927.708,-0.41,0,-0.41
Oct-27,1927.792,-0.62,0,-0.62
Nov-27,1927.875,-0.07,0,-0.07
Dec-27,1927.958,0.07,0.07,0
Jan-28,1928.042,0.96,0.96,0
Feb-28,1928.125,0.79,0.79,0
Mar-28,1928.208,0.52,0.52,0
Apr-28,1928.292,0.81,0.81,0
May-28,1928.375,0.66,0.66,0
Jun-28,1928.458,0.15,0.15,0
Jul-28,1928.542,0.3,0.3,0
Aug-28,1928.625,-0.72,0,-0.72
Sep-28,1928.708,-1.41,0,-1.41
Oct-28,1928.792,-1.31,0,-1.31
Nov-28,1928.875,0.14,0.14,0
Dec-28,1928.958,0.98,0.98,0
Jan-29,1929.042,0.97,0.97,0
Feb-29,1929.125,0.52,0.52,0
Mar-29,1929.208,0.5,0.5,0
Apr-29,1929.292,0.55,0.55,0
May-29,1929.375,1.07,1.07,0
Jun-29,1929.458,0.5,0.5,0
Jul-29,1929.542,-0.06,0,-0.06
Aug-29,1929.625,-0.69,0,-0.69
Sep-29,1929.708,0.45,0.45,0
Oct-29,1929.792,-0.21,0,-0.21
Nov-29,1929.875,1.24,1.24,0
Dec-29,1929.958,-0.03,0,-0.03
Jan-30,1930.042,0.97,0.97,0
Feb-30,1930.125,-1.06,0,-1.06
Mar-30,1930.208,-0.43,0,-0.43
Apr-30,1930.292,-0.7,0,-0.7
May-30,1930.375,0.06,0.06,0
Jun-30,1930.458,0.58,0.58,0
Jul-30,1930.542,-0.45,0,-0.45
Aug-30,1930.625,-0.53,0,-0.53
Sep-30,1930.708,-0.2,0,-0.2
Oct-30,1930.792,-0.38,0,-0.38
Nov-30,1930.875,-0.31,0,-0.31
Dec-30,1930.958,1.2,1.2,0
Jan-31,1931.042,0.08,0.08,0
Feb-31,1931.125,1.56,1.56,0
Mar-31,1931.208,1.13,1.13,0
Apr-31,1931.292,1.28,1.28,0
May-31,1931.375,1.66,1.66,0
Jun-31,1931.458,0.39,0.39,0
Jul-31,1931.542,1.49,1.49,0
Aug-31,1931.625,0.02,0.02,0
Sep-31,1931.708,-0.01,0,-0.01
Oct-31,1931.792,-0.17,0,-0.17
Nov-31,1931.875,0.34,0.34,0
Dec-31,1931.958,1.09,1.09,0
Jan-32,1932.042,-0.26,0,-0.26
Feb-32,1932.125,-0.58,0,-0.58
Mar-32,1932.208,0.51,0.51,0
Apr-32,1932.292,1.15,1.15,0
May-32,1932.375,0.64,0.64,0
Jun-32,1932.458,0.1,0.1,0
Jul-32,1932.542,-0.12,0,-0.12
Aug-32,1932.625,-0.14,0,-0.14
Sep-32,1932.708,-0.4,0,-0.4
Oct-32,1932.792,-0.29,0,-0.29
Nov-32,1932.875,-0.88,0,-0.88
Dec-32,1932.958,0.02,0.02,0
Jan-33,1933.042,0.29,0.29,0
Feb-33,1933.125,0.02,0.02,0
Mar-33,1933.208,0.15,0.15,0
Apr-33,1933.292,-0.05,0,-0.05
May-33,1933.375,-0.5,0,-0.5
Jun-33,1933.458,-0.68,0,-0.68
Jul-33,1933.542,-1.81,0,-1.81
Aug-33,1933.625,-1.56,0,-1.56
Sep-33,1933.708,-2.28,0,-2.28
Oct-33,1933.792,-1.19,0,-1.19
Nov-33,1933.875,0.55,0.55,0
Dec-33,1933.958,-1.1,0,-1.1
Jan-34,1934.042,0.17,0.17,0
Feb-34,1934.125,0.68,0.68,0
Mar-34,1934.208,1.34,1.34,0
Apr-34,1934.292,1.63,1.63,0
May-34,1934.375,1.23,1.23,0
Jun-34,1934.458,0.51,0.51,0
Jul-34,1934.542,0.44,0.44,0
Aug-34,1934.625,1.54,1.54,0
Sep-34,1934.708,1.25,1.25,0
Oct-34,1934.792,2.1,2.1,0
Nov-34,1934.875,1.63,1.63,0
Dec-34,1934.958,1.67,1.67,0
Jan-35,1935.042,1.01,1.01,0
Feb-35,1935.125,0.79,0.79,0
Mar-35,1935.208,-0.11,0,-0.11
Apr-35,1935.292,1.1,1.1,0
May-35,1935.375,0.99,0.99,0
Jun-35,1935.458,1.39,1.39,0
Jul-35,1935.542,0.68,0.68,0
Aug-35,1935.625,0.63,0.63,0
Sep-35,1935.708,0.98,0.98,0
Oct-35,1935.792,0.21,0.21,0
Nov-35,1935.875,0.13,0.13,0
Dec-35,1935.958,1.78,1.78,0
Jan-36,1936.042,1.79,1.79,0
Feb-36,1936.125,1.75,1.75,0
Mar-36,1936.208,1.36,1.36,0
Apr-36,1936.292,1.32,1.32,0
May-36,1936.375,1.83,1.83,0
Jun-36,1936.458,2.37,2.37,0
Jul-36,1936.542,2.57,2.57,0
Aug-36,1936.625,1.71,1.71,0
Sep-36,1936.708,0.04,0.04,0
Oct-36,1936.792,2.1,2.1,0
Nov-36,1936.875,2.65,2.65,0
Dec-36,1936.958,1.28,1.28,0
Jan-37,1937.042,0,0,0
Feb-37,1937.125,-0.49,0,-0.49
Mar-37,1937.208,0.38,0.38,0
Apr-37,1937.292,0.2,0.2,0
May-37,1937.375,0.53,0.53,0
Jun-37,1937.458,1.75,1.75,0
Jul-37,1937.542,0.11,0.11,0
Aug-37,1937.625,-0.35,0,-0.35
Sep-37,1937.708,0.63,0.63,0
Oct-37,1937.792,0.76,0.76,0
Nov-37,1937.875,-0.18,0,-0.18
Dec-37,1937.958,0.55,0.55,0
Jan-38,1938.042,0.5,0.5,0
Feb-38,1938.125,0.02,0.02,0
Mar-38,1938.208,0.24,0.24,0
Apr-38,1938.292,0.27,0.27,0
May-38,1938.375,-0.25,0,-0.25
Jun-38,1938.458,-0.2,0,-0.2
Jul-38,1938.542,-0.21,0,-0.21
Aug-38,1938.625,-0.45,0,-0.45
Sep-38,1938.708,-0.01,0,-0.01
Oct-38,1938.792,0.07,0.07,0
Nov-38,1938.875,0.48,0.48,0
Dec-38,1938.958,1.4,1.4,0
Jan-39,1939.042,1.36,1.36,0
Feb-39,1939.125,0.07,0.07,0
Mar-39,1939.208,-0.39,0,-0.39
Apr-39,1939.292,0.45,0.45,0
May-39,1939.375,0.98,0.98,0
Jun-39,1939.458,1.04,1.04,0
Jul-39,1939.542,-0.21,0,-0.21
Aug-39,1939.625,-0.74,0,-0.74
Sep-39,1939.708,-1.1,0,-1.1
Oct-39,1939.792,-1.31,0,-1.31
Nov-39,1939.875,-0.88,0,-0.88
Dec-39,1939.958,1.51,1.51,0
Jan-40,1940.042,2.03,2.03,0
Feb-40,1940.125,1.74,1.74,0
Mar-40,1940.208,1.89,1.89,0
Apr-40,1940.292,2.37,2.37,0
May-40,1940.375,2.32,2.32,0
Jun-40,1940.458,2.43,2.43,0
Jul-40,1940.542,2.12,2.12,0
Aug-40,1940.625,1.4,1.4,0
Sep-40,1940.708,1.1,1.1,0
Oct-40,1940.792,1.19,1.19,0
Nov-40,1940.875,0.68,0.68,0
Dec-40,1940.958,1.96,1.96,0
Jan-41,1941.042,2.14,2.14,0
Feb-41,1941.125,2.07,2.07,0
Mar-41,1941.208,2.41,2.41,0
Apr-41,1941.292,1.89,1.89,0
May-41,1941.375,2.25,2.25,0
Jun-41,1941.458,3.01,3.01,0
Jul-41,1941.542,2.33,2.33,0
Aug-41,1941.625,3.31,3.31,0
Sep-41,1941.708,1.99,1.99,0
Oct-41,1941.792,1.22,1.22,0
Nov-41,1941.875,0.4,0.4,0
Dec-41,1941.958,0.91,0.91,0
Jan-42,1942.042,1.01,1.01,0
Feb-42,1942.125,0.79,0.79,0
Mar-42,1942.208,0.29,0.29,0
Apr-42,1942.292,0.79,0.79,0
May-42,1942.375,0.84,0.84,0
Jun-42,1942.458,1.19,1.19,0
Jul-42,1942.542,0.12,0.12,0
Aug-42,1942.625,0.44,0.44,0
Sep-42,1942.708,0.68,0.68,0
Oct-42,1942.792,0.54,0.54,0
Nov-42,1942.875,-0.1,0,-0.1
Dec-42,1942.958,-1,0,-1
Jan-43,1943.042,-0.18,0,-0.18
Feb-43,1943.125,0.02,0.02,0
Mar-43,1943.208,0.26,0.26,0
Apr-43,1943.292,1.08,1.08,0
May-43,1943.375,0.43,0.43,0
Jun-43,1943.458,0.68,0.68,0
Jul-43,1943.542,-0.36,0,-0.36
Aug-43,1943.625,-0.9,0,-0.9
Sep-43,1943.708,-0.49,0,-0.49
Oct-43,1943.792,-0.04,0,-0.04
Nov-43,1943.875,0.29,0.29,0
Dec-43,1943.958,0.58,0.58,0
Jan-44,1944.042,0.18,0.18,0
Feb-44,1944.125,0.17,0.17,0
Mar-44,1944.208,0.08,0.08,0
Apr-44,1944.292,0.72,0.72,0
May-44,1944.375,-0.35,0,-0.35
Jun-44,1944.458,-0.98,0,-0.98
Jul-44,1944.542,-0.4,0,-0.4
Aug-44,1944.625,-0.51,0,-0.51
Sep-44,1944.708,-0.56,0,-0.56
Oct-44,1944.792,-0.4,0,-0.4
Nov-44,1944.875,0.33,0.33,0
Dec-44,1944.958,0.2,0.2,0
Jan-45,1945.042,-1.02,0,-1.02
Feb-45,1945.125,0.72,0.72,0
Mar-45,1945.208,-0.42,0,-0.42
Apr-45,1945.292,-0.4,0,-0.4
May-45,1945.375,-0.07,0,-0.07
Jun-45,1945.458,0.56,0.56,0
Jul-45,1945.542,1.02,1.02,0
Aug-45,1945.625,0.18,0.18,0
Sep-45,1945.708,-0.27,0,-0.27
Oct-45,1945.792,0.1,0.1,0
Nov-45,1945.875,-1.94,0,-1.94
Dec-45,1945.958,-0.74,0,-0.74
Jan-46,1946.042,-0.91,0,-0.91
Feb-46,1946.125,-0.32,0,-0.32
Mar-46,1946.208,-0.41,0,-0.41
Apr-46,1946.292,-0.78,0,-0.78
May-46,1946.375,0.5,0.5,0
Jun-46,1946.458,-0.86,0,-0.86
Jul-46,1946.542,-0.84,0,-0.84
Aug-46,1946.625,-0.36,0,-0.36
Sep-46,1946.708,-0.22,0,-0.22
Oct-46,1946.792,-0.36,0,-0.36
Nov-46,1946.875,-1.48,0,-1.48
Dec-46,1946.958,-0.96,0,-0.96
Jan-47,1947.042,-0.73,0,-0.73
Feb-47,1947.125,-0.29,0,-0.29
Mar-47,1947.208,1.17,1.17,0
Apr-47,1947.292,0.7,0.7,0
May-47,1947.375,0.37,0.37,0
Jun-47,1947.458,1.36,1.36,0
Jul-47,1947.542,0.16,0.16,0
Aug-47,1947.625,0.3,0.3,0
Sep-47,1947.708,0.58,0.58,0
Oct-47,1947.792,0.85,0.85,0
Nov-47,1947.875,-0.14,0,-0.14
Dec-47,1947.958,1.67,1.67,0
Jan-48,1948.042,-0.11,0,-0.11
Feb-48,1948.125,-0.74,0,-0.74
Mar-48,1948.208,-0.03,0,-0.03
Apr-48,1948.292,-1.33,0,-1.33
May-48,1948.375,-0.23,0,-0.23
Jun-48,1948.458,0.08,0.08,0
Jul-48,1948.542,-0.92,0,-0.92
Aug-48,1948.625,-1.56,0,-1.56
Sep-48,1948.708,-1.74,0,-1.74
Oct-48,1948.792,-1.32,0,-1.32
Nov-48,1948.875,-0.89,0,-0.89
Dec-48,1948.958,-1.7,0,-1.7
Jan-49,1949.042,-2.01,0,-2.01
Feb-49,1949.125,-3.6,0,-3.6
Mar-49,1949.208,-1,0,-1
Apr-49,1949.292,-0.53,0,-0.53
May-49,1949.375,-1.07,0,-1.07
Jun-49,1949.458,-0.7,0,-0.7
Jul-49,1949.542,-0.56,0,-0.56
Aug-49,1949.625,-1.3,0,-1.3
Sep-49,1949.708,-0.93,0,-0.93
Oct-49,1949.792,-1.41,0,-1.41
Nov-49,1949.875,-0.83,0,-0.83
Dec-49,1949.958,-0.8,0,-0.8
Jan-50,1950.042,-2.13,0,-2.13
Feb-50,1950.125,-2.91,0,-2.91
Mar-50,1950.208,-1.13,0,-1.13
Apr-50,1950.292,-1.2,0,-1.2
May-50,1950.375,-2.23,0,-2.23
Jun-50,1950.458,-1.77,0,-1.77
Jul-50,1950.542,-2.93,0,-2.93
Aug-50,1950.625,-0.7,0,-0.7
Sep-50,1950.708,-2.14,0,-2.14
Oct-50,1950.792,-1.36,0,-1.36
Nov-50,1950.875,-2.46,0,-2.46
Dec-50,1950.958,-0.76,0,-0.76
Jan-51,1951.042,-1.54,0,-1.54
Feb-51,1951.125,-1.06,0,-1.06
Mar-51,1951.208,-1.9,0,-1.9
Apr-51,1951.292,-0.36,0,-0.36
May-51,1951.375,-0.25,0,-0.25
Jun-51,1951.458,-1.09,0,-1.09
Jul-51,1951.542,0.7,0.7,0
Aug-51,1951.625,-1.37,0,-1.37
Sep-51,1951.708,-0.08,0,-0.08
Oct-51,1951.792,-0.32,0,-0.32
Nov-51,1951.875,-0.28,0,-0.28
Dec-51,1951.958,-1.68,0,-1.68
Jan-52,1952.042,-2.01,0,-2.01
Feb-52,1952.125,-0.46,0,-0.46
Mar-52,1952.208,-0.63,0,-0.63
Apr-52,1952.292,-1.05,0,-1.05
May-52,1952.375,-1,0,-1
Jun-52,1952.458,-1.43,0,-1.43
Jul-52,1952.542,-1.25,0,-1.25
Aug-52,1952.625,-0.6,0,-0.6
Sep-52,1952.708,-0.89,0,-0.89
Oct-52,1952.792,-0.35,0,-0.35
Nov-52,1952.875,-0.76,0,-0.76
Dec-52,1952.958,0.04,0.04,0
Jan-53,1953.042,-0.57,0,-0.57
Feb-53,1953.125,-0.07,0,-0.07
Mar-53,1953.208,-1.12,0,-1.12
Apr-53,1953.292,0.05,0.05,0
May-53,1953.375,0.43,0.43,0
Jun-53,1953.458,0.29,0.29,0
Jul-53,1953.542,0.74,0.74,0
Aug-53,1953.625,0.05,0.05,0
Sep-53,1953.708,-0.63,0,-0.63
Oct-53,1953.792,-1.09,0,-1.09
Nov-53,1953.875,-0.03,0,-0.03
Dec-53,1953.958,0.07,0.07,0
Jan-54,1954.042,-1.32,0,-1.32
Feb-54,1954.125,-1.61,0,-1.61
Mar-54,1954.208,-0.52,0,-0.52
Apr-54,1954.292,-1.33,0,-1.33
May-54,1954.375,0.01,0.01,0
Jun-54,1954.458,0.97,0.97,0
Jul-54,1954.542,0.43,0.43,0
Aug-54,1954.625,0.08,0.08,0
Sep-54,1954.708,-0.94,0,-0.94
Oct-54,1954.792,0.52,0.52,0
Nov-54,1954.875,0.72,0.72,0
Dec-54,1954.958,-0.5,0,-0.5
Jan-55,1955.042,0.2,0.2,0
Feb-55,1955.125,-1.52,0,-1.52
Mar-55,1955.208,-1.26,0,-1.26
Apr-55,1955.292,-1.97,0,-1.97
May-55,1955.375,-1.21,0,-1.21
Jun-55,1955.458,-2.44,0,-2.44
Jul-55,1955.542,-2.35,0,-2.35
Aug-55,1955.625,-2.25,0,-2.25
Sep-55,1955.708,-1.95,0,-1.95
Oct-55,1955.792,-2.8,0,-2.8
Nov-55,1955.875,-3.08,0,-3.08
Dec-55,1955.958,-2.75,0,-2.75
Jan-56,1956.042,-2.48,0,-2.48
Feb-56,1956.125,-2.74,0,-2.74
Mar-56,1956.208,-2.56,0,-2.56
Apr-56,1956.292,-2.17,0,-2.17
May-56,1956.375,-1.41,0,-1.41
Jun-56,1956.458,-1.7,0,-1.7
Jul-56,1956.542,-1.03,0,-1.03
Aug-56,1956.625,-1.16,0,-1.16
Sep-56,1956.708,-0.71,0,-0.71
Oct-56,1956.792,-2.3,0,-2.3
Nov-56,1956.875,-2.11,0,-2.11
Dec-56,1956.958,-1.28,0,-1.28
Jan-57,1957.042,-1.82,0,-1.82
Feb-57,1957.125,-0.68,0,-0.68
Mar-57,1957.208,0.03,0.03,0
Apr-57,1957.292,-0.58,0,-0.58
May-57,1957.375,0.57,0.57,0
Jun-57,1957.458,1.76,1.76,0
Jul-57,1957.542,0.72,0.72,0
Aug-57,1957.625,0.51,0.51,0
Sep-57,1957.708,1.59,1.59,0
Oct-57,1957.792,1.5,1.5,0
Nov-57,1957.875,-0.32,0,-0.32
Dec-57,1957.958,-0.55,0,-0.55
Jan-58,1958.042,0.25,0.25,0
Feb-58,1958.125,0.62,0.62,0
Mar-58,1958.208,0.25,0.25,0
Apr-58,1958.292,1.06,1.06,0
May-58,1958.375,1.28,1.28,0
Jun-58,1958.458,1.33,1.33,0
Jul-58,1958.542,0.89,0.89,0
Aug-58,1958.625,1.06,1.06,0
Sep-58,1958.708,0.29,0.29,0
Oct-58,1958.792,0.01,0.01,0
Nov-58,1958.875,-0.18,0,-0.18
Dec-58,1958.958,0.86,0.86,0
Jan-59,1959.042,0.69,0.69,0
Feb-59,1959.125,-0.43,0,-0.43
Mar-59,1959.208,-0.95,0,-0.95
Apr-59,1959.292,-0.02,0,-0.02
May-59,1959.375,0.23,0.23,0
Jun-59,1959.458,0.44,0.44,0
Jul-59,1959.542,-0.5,0,-0.5
Aug-59,1959.625,-0.62,0,-0.62
Sep-59,1959.708,-0.85,0,-0.85
Oct-59,1959.792,0.52,0.52,0
Nov-59,1959.875,1.11,1.11,0
Dec-59,1959.958,0.06,0.06,0
Jan-60,1960.042,0.3,0.3,0
Feb-60,1960.125,0.52,0.52,0
Mar-60,1960.208,-0.21,0,-0.21
Apr-60,1960.292,0.09,0.09,0
May-60,1960.375,0.91,0.91,0
Jun-60,1960.458,0.64,0.64,0
Jul-60,1960.542,-0.27,0,-0.27
Aug-60,1960.625,-0.38,0,-0.38
Sep-60,1960.708,-0.94,0,-0.94
Oct-60,1960.792,0.09,0.09,0
Nov-60,1960.875,-0.23,0,-0.23
Dec-60,1960.958,0.17,0.17,0
Jan-61,1961.042,1.18,1.18,0
Feb-61,1961.125,0.43,0.43,0
Mar-61,1961.208,0.09,0.09,0
Apr-61,1961.292,0.34,0.34,0
May-61,1961.375,-0.06,0,-0.06
Jun-61,1961.458,-0.61,0,-0.61
Jul-61,1961.542,-1.22,0,-1.22
Aug-61,1961.625,-1.13,0,-1.13
Sep-61,1961.708,-2.01,0,-2.01
Oct-61,1961.792,-2.28,0,-2.28
Nov-61,1961.875,-1.85,0,-1.85
Dec-61,1961.958,-2.69,0,-2.69
Jan-62,1962.042,-1.29,0,-1.29
Feb-62,1962.125,-1.15,0,-1.15
Mar-62,1962.208,-1.42,0,-1.42
Apr-62,1962.292,-0.8,0,-0.8
May-62,1962.375,-1.22,0,-1.22
Jun-62,1962.458,-1.62,0,-1.62
Jul-62,1962.542,-1.46,0,-1.46
Aug-62,1962.625,-0.48,0,-0.48
Sep-62,1962.708,-1.58,0,-1.58
Oct-62,1962.792,-1.55,0,-1.55
Nov-62,1962.875,-0.37,0,-0.37
Dec-62,1962.958,-0.96,0,-0.96
Jan-63,1963.042,-0.33,0,-0.33
Feb-63,1963.125,-0.16,0,-0.16
Mar-63,1963.208,-0.54,0,-0.54
Apr-63,1963.292,-0.41,0,-0.41
May-63,1963.375,-0.65,0,-0.65
Jun-63,1963.458,-0.88,0,-0.88
Jul-63,1963.542,-1,0,-1
Aug-63,1963.625,-1.03,0,-1.03
Sep-63,1963.708,0.45,0.45,0
Oct-63,1963.792,-0.52,0,-0.52
Nov-63,1963.875,-2.08,0,-2.08
Dec-63,1963.958,-1.08,0,-1.08
Jan-64,1964.042,0.01,0.01,0
Feb-64,1964.125,-0.21,0,-0.21
Mar-64,1964.208,-0.87,0,-0.87
Apr-64,1964.292,-1.03,0,-1.03
May-64,1964.375,-1.91,0,-1.91
Jun-64,1964.458,-0.32,0,-0.32
Jul-64,1964.542,-0.51,0,-0.51
Aug-64,1964.625,-1.03,0,-1.03
Sep-64,1964.708,-0.68,0,-0.68
Oct-64,1964.792,-0.37,0,-0.37
Nov-64,1964.875,-0.8,0,-0.8
Dec-64,1964.958,-1.52,0,-1.52
Jan-65,1965.042,-1.24,0,-1.24
Feb-65,1965.125,-1.16,0,-1.16
Mar-65,1965.208,0.04,0.04,0
Apr-65,1965.292,0.62,0.62,0
May-65,1965.375,-0.66,0,-0.66
Jun-65,1965.458,-0.8,0,-0.8
Jul-65,1965.542,-0.47,0,-0.47
Aug-65,1965.625,0.2,0.2,0
Sep-65,1965.708,0.59,0.59,0
Oct-65,1965.792,-0.36,0,-0.36
Nov-65,1965.875,-0.59,0,-0.59
Dec-65,1965.958,0.06,0.06,0
Jan-66,1966.042,-0.82,0,-0.82
Feb-66,1966.125,-0.03,0,-0.03
Mar-66,1966.208,-1.29,0,-1.29
Apr-66,1966.292,0.06,0.06,0
May-66,1966.375,-0.53,0,-0.53
Jun-66,1966.458,0.16,0.16,0
Jul-66,1966.542,0.26,0.26,0
Aug-66,1966.625,-0.35,0,-0.35
Sep-66,1966.708,-0.33,0,-0.33
Oct-66,1966.792,-1.17,0,-1.17
Nov-66,1966.875,-1.15,0,-1.15
Dec-66,1966.958,-0.32,0,-0.32
Jan-67,1967.042,-0.2,0,-0.2
Feb-67,1967.125,-0.18,0,-0.18
Mar-67,1967.208,-1.2,0,-1.2
Apr-67,1967.292,-0.89,0,-0.89
May-67,1967.375,-1.24,0,-1.24
Jun-67,1967.458,-1.16,0,-1.16
Jul-67,1967.542,-0.89,0,-0.89
Aug-67,1967.625,-1.24,0,-1.24
Sep-67,1967.708,-0.72,0,-0.72
Oct-67,1967.792,-0.64,0,-0.64
Nov-67,1967.875,-0.05,0,-0.05
Dec-67,1967.958,-0.4,0,-0.4
Jan-68,1968.042,-0.95,0,-0.95
Feb-68,1968.125,-0.4,0,-0.4
Mar-68,1968.208,-0.31,0,-0.31
Apr-68,1968.292,-1.03,0,-1.03
May-68,1968.375,-0.53,0,-0.53
Jun-68,1968.458,-0.35,0,-0.35
Jul-68,1968.542,0.53,0.53,0
Aug-68,1968.625,0.19,0.19,0
Sep-68,1968.708,0.06,0.06,0
Oct-68,1968.792,-0.34,0,-0.34
Nov-68,1968.875,-0.44,0,-0.44
Dec-68,1968.958,-1.27,0,-1.27
Jan-69,1969.042,-1.26,0,-1.26
Feb-69,1969.125,-0.95,0,-0.95
Mar-69,1969.208,-0.5,0,-0.5
Apr-69,1969.292,-0.44,0,-0.44
May-69,1969.375,-0.2,0,-0.2
Jun-69,1969.458,0.89,0.89,0
Jul-69,1969.542,0.1,0.1,0
Aug-69,1969.625,-0.81,0,-0.81
Sep-69,1969.708,-0.66,0,-0.66
Oct-69,1969.792,1.12,1.12,0
Nov-69,1969.875,0.15,0.15,0
Dec-69,1969.958,1.38,1.38,0
Jan-70,1970.042,0.61,0.61,0
Feb-70,1970.125,0.43,0.43,0
Mar-70,1970.208,1.33,1.33,0
Apr-70,1970.292,0.43,0.43,0
May-70,1970.375,-0.49,0,-0.49
Jun-70,1970.458,0.06,0.06,0
Jul-70,1970.542,-0.68,0,-0.68
Aug-70,1970.625,-1.63,0,-1.63
Sep-70,1970.708,-1.67,0,-1.67
Oct-70,1970.792,-1.39,0,-1.39
Nov-70,1970.875,-0.8,0,-0.8
Dec-70,1970.958,-0.97,0,-0.97
Jan-71,1971.042,-1.9,0,-1.9
Feb-71,1971.125,-1.74,0,-1.74
Mar-71,1971.208,-1.68,0,-1.68
Apr-71,1971.292,-1.59,0,-1.59
May-71,1971.375,-1.55,0,-1.55
Jun-71,1971.458,-1.55,0,-1.55
Jul-71,1971.542,-2.2,0,-2.2
Aug-71,1971.625,-0.15,0,-0.15
Sep-71,1971.708,0.21,0.21,0
Oct-71,1971.792,-0.22,0,-0.22
Nov-71,1971.875,-1.25,0,-1.25
Dec-71,1971.958,-1.87,0,-1.87
Jan-72,1972.042,-1.99,0,-1.99
Feb-72,1972.125,-1.83,0,-1.83
Mar-72,1972.208,-2.09,0,-2.09
Apr-72,1972.292,-1.65,0,-1.65
May-72,1972.375,-1.57,0,-1.57
Jun-72,1972.458,-1.87,0,-1.87
Jul-72,1972.542,-0.83,0,-0.83
Aug-72,1972.625,0.25,0.25,0
Sep-72,1972.708,0.17,0.17,0
Oct-72,1972.792,0.11,0.11,0
Nov-72,1972.875,0.57,0.57,0
Dec-72,1972.958,-0.33,0,-0.33
Jan-73,1973.042,-0.46,0,-0.46
Feb-73,1973.125,-0.61,0,-0.61
Mar-73,1973.208,-0.5,0,-0.5
Apr-73,1973.292,-0.69,0,-0.69
May-73,1973.375,-0.76,0,-0.76
Jun-73,1973.458,-0.97,0,-0.97
Jul-73,1973.542,-0.57,0,-0.57
Aug-73,1973.625,-1.14,0,-1.14
Sep-73,1973.708,-0.51,0,-0.51
Oct-73,1973.792,-0.87,0,-0.87
Nov-73,1973.875,-1.81,0,-1.81
Dec-73,1973.958,-0.76,0,-0.76
Jan-74,1974.042,-1.22,0,-1.22
Feb-74,1974.125,-1.65,0,-1.65
Mar-74,1974.208,-0.9,0,-0.9
Apr-74,1974.292,-0.52,0,-0.52
May-74,1974.375,-0.28,0,-0.28
Jun-74,1974.458,-0.31,0,-0.31
Jul-74,1974.542,-0.08,0,-0.08
Aug-74,1974.625,0.27,0.27,0
Sep-74,1974.708,0.44,0.44,0
Oct-74,1974.792,-0.1,0,-0.1
Nov-74,1974.875,0.43,0.43,0
Dec-74,1974.958,-0.12,0,-0.12
Jan-75,1975.042,-0.84,0,-0.84
Feb-75,1975.125,-0.71,0,-0.71
Mar-75,1975.208,-0.51,0,-0.51
Apr-75,1975.292,-1.3,0,-1.3
May-75,1975.375,-1.02,0,-1.02
Jun-75,1975.458,-1.16,0,-1.16
Jul-75,1975.542,-0.4,0,-0.4
Aug-75,1975.625,-1.07,0,-1.07
Sep-75,1975.708,-1.23,0,-1.23
Oct-75,1975.792,-1.29,0,-1.29
Nov-75,1975.875,-2.08,0,-2.08
Dec-75,1975.958,-1.61,0,-1.61
Jan-76,1976.042,-1.14,0,-1.14
Feb-76,1976.125,-1.85,0,-1.85
Mar-76,1976.208,-0.96,0,-0.96
Apr-76,1976.292,-0.89,0,-0.89
May-76,1976.375,-0.68,0,-0.68
Jun-76,1976.458,-0.67,0,-0.67
Jul-76,1976.542,0.61,0.61,0
Aug-76,1976.625,1.28,1.28,0
Sep-76,1976.708,0.82,0.82,0
Oct-76,1976.792,1.11,1.11,0
Nov-76,1976.875,1.25,1.25,0
Dec-76,1976.958,1.22,1.22,0
Jan-77,1977.042,1.65,1.65,0
Feb-77,1977.125,1.11,1.11,0
Mar-77,1977.208,0.72,0.72,0
Apr-77,1977.292,0.3,0.3,0
May-77,1977.375,0.31,0.31,0
Jun-77,1977.458,0.42,0.42,0
Jul-77,1977.542,0.19,0.19,0
Aug-77,1977.625,0.64,0.64,0
Sep-77,1977.708,-0.55,0,-0.55
Oct-77,1977.792,-0.61,0,-0.61
Nov-77,1977.875,-0.72,0,-0.72
Dec-77,1977.958,-0.69,0,-0.69
Jan-78,1978.042,0.34,0.34,0
Feb-78,1978.125,1.45,1.45,0
Mar-78,1978.208,1.34,1.34,0
Apr-78,1978.292,1.29,1.29,0
May-78,1978.375,0.9,0.9,0
Jun-78,1978.458,0.15,0.15,0
Jul-78,1978.542,-1.24,0,-1.24
Aug-78,1978.625,-0.56,0,-0.56
Sep-78,1978.708,-0.44,0,-0.44
Oct-78,1978.792,0.1,0.1,0
Nov-78,1978.875,-0.07,0,-0.07
Dec-78,1978.958,-0.43,0,-0.43
Jan-79,1979.042,-0.58,0,-0.58
Feb-79,1979.125,-1.33,0,-1.33
Mar-79,1979.208,0.3,0.3,0
Apr-79,1979.292,0.89,0.89,0
May-79,1979.375,1.09,1.09,0
Jun-79,1979.458,0.17,0.17,0
Jul-79,1979.542,0.84,0.84,0
Aug-79,1979.625,0.52,0.52,0
Sep-79,1979.708,1,1,0
Oct-79,1979.792,1.06,1.06,0
Nov-79,1979.875,0.48,0.48,0
Dec-79,1979.958,-0.42,0,-0.42
Jan-80,1980.042,-0.11,0,-0.11
Feb-80,1980.125,1.32,1.32,0
Mar-80,1980.208,1.09,1.09,0
Apr-80,1980.292,1.49,1.49,0
May-80,1980.375,1.2,1.2,0
Jun-80,1980.458,-0.22,0,-0.22
Jul-80,1980.542,0.23,0.23,0
Aug-80,1980.625,0.51,0.51,0
Sep-80,1980.708,0.1,0.1,0
Oct-80,1980.792,1.35,1.35,0
Nov-80,1980.875,0.37,0.37,0
Dec-80,1980.958,-0.1,0,-0.1
Jan-81,1981.042,0.59,0.59,0
Feb-81,1981.125,1.46,1.46,0
Mar-81,1981.208,0.99,0.99,0
Apr-81,1981.292,1.45,1.45,0
May-81,1981.375,1.75,1.75,0
Jun-81,1981.458,1.69,1.69,0
Jul-81,1981.542,0.84,0.84,0
Aug-81,1981.625,0.18,0.18,0
Sep-81,1981.708,0.42,0.42,0
Oct-81,1981.792,0.18,0.18,0
Nov-81,1981.875,0.8,0.8,0
Dec-81,1981.958,0.67,0.67,0
Jan-82,1982.042,0.34,0.34,0
Feb-82,1982.125,0.2,0.2,0
Mar-82,1982.208,0.19,0.19,0
Apr-82,1982.292,-0.19,0,-0.19
May-82,1982.375,-0.58,0,-0.58
Jun-82,1982.458,-0.78,0,-0.78
Jul-82,1982.542,0.58,0.58,0
Aug-82,1982.625,0.39,0.39,0
Sep-82,1982.708,0.84,0.84,0
Oct-82,1982.792,0.37,0.37,0
Nov-82,1982.875,-0.25,0,-0.25
Dec-82,1982.958,0.26,0.26,0
Jan-83,1983.042,0.56,0.56,0
Feb-83,1983.125,1.14,1.14,0
Mar-83,1983.208,2.11,2.11,0
Apr-83,1983.292,1.87,1.87,0
May-83,1983.375,1.8,1.8,0
Jun-83,1983.458,2.36,2.36,0
Jul-83,1983.542,3.51,3.51,0
Aug-83,1983.625,1.85,1.85,0
Sep-83,1983.708,0.91,0.91,0
Oct-83,1983.792,0.96,0.96,0
Nov-83,1983.875,1.02,1.02,0
Dec-83,1983.958,1.69,1.69,0
Jan-84,1984.042,1.5,1.5,0
Feb-84,1984.125,1.21,1.21,0
Mar-84,1984.208,1.77,1.77,0
Apr-84,1984.292,1.52,1.52,0
May-84,1984.375,1.3,1.3,0
Jun-84,1984.458,0.18,0.18,0
Jul-84,1984.542,-0.18,0,-0.18
Aug-84,1984.625,-0.03,0,-0.03
Sep-84,1984.708,0.67,0.67,0
Oct-84,1984.792,0.58,0.58,0
Nov-84,1984.875,0.71,0.71,0
Dec-84,1984.958,0.82,0.82,0
Jan-85,1985.042,1.27,1.27,0
Feb-85,1985.125,0.94,0.94,0
Mar-85,1985.208,0.57,0.57,0
Apr-85,1985.292,0.19,0.19,0
May-85,1985.375,0,0,0
Jun-85,1985.458,0.18,0.18,0
Jul-85,1985.542,1.07,1.07,0
Aug-85,1985.625,0.81,0.81,0
Sep-85,1985.708,0.44,0.44,0
Oct-85,1985.792,0.29,0.29,0
Nov-85,1985.875,-0.75,0,-0.75
Dec-85,1985.958,0.38,0.38,0
Jan-86,1986.042,1.12,1.12,0
Feb-86,1986.125,1.61,1.61,0
Mar-86,1986.208,2.18,2.18,0
Apr-86,1986.292,1.55,1.55,0
May-86,1986.375,1.16,1.16,0
Jun-86,1986.458,0.89,0.89,0
Jul-86,1986.542,1.38,1.38,0
Aug-86,1986.625,0.22,0.22,0
Sep-86,1986.708,0.22,0.22,0
Oct-86,1986.792,1,1,0
Nov-86,1986.875,1.77,1.77,0
Dec-86,1986.958,1.77,1.77,0
Jan-87,1987.042,1.88,1.88,0
Feb-87,1987.125,1.75,1.75,0
Mar-87,1987.208,2.1,2.1,0
Apr-87,1987.292,2.16,2.16,0
May-87,1987.375,1.85,1.85,0
Jun-87,1987.458,0.73,0.73,0
Jul-87,1987.542,2.01,2.01,0
Aug-87,1987.625,2.83,2.83,0
Sep-87,1987.708,2.44,2.44,0
Oct-87,1987.792,1.36,1.36,0
Nov-87,1987.875,1.47,1.47,0
Dec-87,1987.958,1.27,1.27,0
Jan-88,1988.042,0.93,0.93,0
Feb-88,1988.125,1.24,1.24,0
Mar-88,1988.208,1.42,1.42,0
Apr-88,1988.292,0.94,0.94,0
May-88,1988.375,1.2,1.2,0
Jun-88,1988.458,0.74,0.74,0
Jul-88,1988.542,0.64,0.64,0
Aug-88,1988.625,0.19,0.19,0
Sep-88,1988.708,-0.37,0,-0.37
Oct-88,1988.792,-0.1,0,-0.1
Nov-88,1988.875,-0.02,0,-0.02
Dec-88,1988.958,-0.43,0,-0.43
Jan-89,1989.042,-0.95,0,-0.95
Feb-89,1989.125,-1.02,0,-1.02
Mar-89,1989.208,-0.83,0,-0.83
Apr-89,1989.292,-0.32,0,-0.32
May-89,1989.375,0.47,0.47,0
Jun-89,1989.458,0.36,0.36,0
Jul-89,1989.542,0.83,0.83,0
Aug-89,1989.625,0.09,0.09,0
Sep-89,1989.708,0.05,0.05,0
Oct-89,1989.792,-0.12,0,-0.12
Nov-89,1989.875,-0.5,0,-0.5
Dec-89,1989.958,-0.21,0,-0.21
Jan-90,1990.042,-0.3,0,-0.3
Feb-90,1990.125,-0.65,0,-0.65
Mar-90,1990.208,-0.62,0,-0.62
Apr-90,1990.292,0.27,0.27,0
May-90,1990.375,0.44,0.44,0
Jun-90,1990.458,0.44,0.44,0
Jul-90,1990.542,0.27,0.27,0
Aug-90,1990.625,0.11,0.11,0
Sep-90,1990.708,0.38,0.38,0
Oct-90,1990.792,-0.69,0,-0.69
Nov-90,1990.875,-1.69,0,-1.69
Dec-90,1990.958,-2.23,0,-2.23
Jan-91,1991.042,-2.02,0,-2.02
Feb-91,1991.125,-1.19,0,-1.19
Mar-91,1991.208,-0.74,0,-0.74
Apr-91,1991.292,-1.01,0,-1.01
May-91,1991.375,-0.51,0,-0.51
Jun-91,1991.458,-1.47,0,-1.47
Jul-91,1991.542,-0.1,0,-0.1
Aug-91,1991.625,0.36,0.36,0
Sep-91,1991.708,0.65,0.65,0
Oct-91,1991.792,0.49,0.49,0
Nov-91,1991.875,0.42,0.42,0
Dec-91,1991.958,0.09,0.09,0
Jan-92,1992.042,0.05,0.05,0
Feb-92,1992.125,0.31,0.31,0
Mar-92,1992.208,0.67,0.67,0
Apr-92,1992.292,0.75,0.75,0
May-92,1992.375,1.54,1.54,0
Jun-92,1992.458,1.26,1.26,0
Jul-92,1992.542,1.9,1.9,0
Aug-92,1992.625,1.44,1.44,0
Sep-92,1992.708,0.83,0.83,0
Oct-92,1992.792,0.93,0.93,0
Nov-92,1992.875,0.93,0.93,0
Dec-92,1992.958,0.53,0.53,0
Jan-93,1993.042,0.05,0.05,0
Feb-93,1993.125,0.19,0.19,0
Mar-93,1993.208,0.76,0.76,0
Apr-93,1993.292,1.21,1.21,0
May-93,1993.375,2.13,2.13,0
Jun-93,1993.458,2.34,2.34,0
Jul-93,1993.542,2.35,2.35,0
Aug-93,1993.625,2.69,2.69,0
Sep-93,1993.708,1.56,1.56,0
Oct-93,1993.792,1.41,1.41,0
Nov-93,1993.875,1.24,1.24,0
Dec-93,1993.958,1.07,1.07,0
Jan-94,1994.042,1.21,1.21,0
Feb-94,1994.125,0.59,0.59,0
Mar-94,1994.208,0.8,0.8,0
Apr-94,1994.292,1.05,1.05,0
May-94,1994.375,1.23,1.23,0
Jun-94,1994.458,0.46,0.46,0
Jul-94,1994.542,0.06,0.06,0
Aug-94,1994.625,-0.79,0,-0.79
Sep-94,1994.708,-1.36,0,-1.36
Oct-94,1994.792,-1.32,0,-1.32
Nov-94,1994.875,-1.96,0,-1.96
Dec-94,1994.958,-1.79,0,-1.79
Jan-95,1995.042,-0.49,0,-0.49
Feb-95,1995.125,0.46,0.46,0
Mar-95,1995.208,0.75,0.75,0
Apr-95,1995.292,0.83,0.83,0
May-95,1995.375,1.46,1.46,0
Jun-95,1995.458,1.27,1.27,0
Jul-95,1995.542,1.71,1.71,0
Aug-95,1995.625,0.21,0.21,0
Sep-95,1995.708,1.16,1.16,0
Oct-95,1995.792,0.47,0.47,0
Nov-95,1995.875,-0.28,0,-0.28
Dec-95,1995.958,0.16,0.16,0
Jan-96,1996.042,0.59,0.59,0
Feb-96,1996.125,0.75,0.75,0
Mar-96,1996.208,1.01,1.01,0
Apr-96,1996.292,1.46,1.46,0
May-96,1996.375,2.18,2.18,0
Jun-96,1996.458,1.1,1.1,0
Jul-96,1996.542,0.77,0.77,0
Aug-96,1996.625,-0.14,0,-0.14
Sep-96,1996.708,0.24,0.24,0
Oct-96,1996.792,-0.33,0,-0.33
Nov-96,1996.875,0.09,0.09,0
Dec-96,1996.958,-0.03,0,-0.03
Jan-97,1997.042,0.23,0.23,0
Feb-97,1997.125,0.28,0.28,0
Mar-97,1997.208,0.65,0.65,0
Apr-97,1997.292,1.05,1.05,0
May-97,1997.375,1.83,1.83,0
Jun-97,1997.458,2.76,2.76,0
Jul-97,1997.542,2.35,2.35,0
Aug-97,1997.625,2.79,2.79,0
Sep-97,1997.708,2.19,2.19,0
Oct-97,1997.792,1.61,1.61,0
Nov-97,1997.875,1.12,1.12,0
Dec-97,1997.958,0.67,0.67,0
Jan-98,1998.042,0.83,0.83,0
Feb-98,1998.125,1.56,1.56,0
Mar-98,1998.208,2.01,2.01,0
Apr-98,1998.292,1.27,1.27,0
May-98,1998.375,0.7,0.7,0
Jun-98,1998.458,0.4,0.4,0
Jul-98,1998.542,-0.04,0,-0.04
Aug-98,1998.625,-0.22,0,-0.22
Sep-98,1998.708,-1.21,0,-1.21
Oct-98,1998.792,-1.39,0,-1.39
Nov-98,1998.875,-0.52,0,-0.52
Dec-98,1998.958,-0.44,0,-0.44
Jan-99,1999.042,-0.32,0,-0.32
Feb-99,1999.125,-0.66,0,-0.66
Mar-99,1999.208,-0.33,0,-0.33
Apr-99,1999.292,-0.41,0,-0.41
May-99,1999.375,-0.68,0,-0.68
Jun-99,1999.458,-1.3,0,-1.3
Jul-99,1999.542,-0.66,0,-0.66
Aug-99,1999.625,-0.96,0,-0.96
Sep-99,1999.708,-1.53,0,-1.53
Oct-99,1999.792,-2.23,0,-2.23
Nov-99,1999.875,-2.05,0,-2.05
Dec-99,1999.958,-1.63,0,-1.63
Jan-00,2000.042,-2,0,-2
Feb-00,2000.125,-0.83,0,-0.83
Mar-00,2000.208,0.29,0.29,0
Apr-00,2000.292,0.35,0.35,0
May-00,2000.375,-0.05,0,-0.05
Jun-00,2000.458,-0.44,0,-0.44
Jul-00,2000.542,-0.66,0,-0.66
Aug-00,2000.625,-1.19,0,-1.19
Sep-00,2000.708,-1.24,0,-1.24
Oct-00,2000.792,-1.3,0,-1.3
Nov-00,2000.875,-0.53,0,-0.53
Dec-00,2000.958,0.52,0.52,0
Jan-01,2001.042,0.6,0.6,0
Feb-01,2001.125,0.29,0.29,0
Mar-01,2001.208,0.45,0.45,0
Apr-01,2001.292,-0.31,0,-0.31
May-01,2001.375,-0.3,0,-0.3
Jun-01,2001.458,-0.47,0,-0.47
Jul-01,2001.542,-1.31,0,-1.31
Aug-01,2001.625,-0.77,0,-0.77
Sep-01,2001.708,-1.37,0,-1.37
Oct-01,2001.792,-1.37,0,-1.37
Nov-01,2001.875,-1.26,0,-1.26
Dec-01,2001.958,-0.93,0,-0.93
Jan-02,2002.042,0.27,0.27,0
Feb-02,2002.125,-0.64,0,-0.64
Mar-02,2002.208,-0.43,0,-0.43
Apr-02,2002.292,-0.32,0,-0.32
May-02,2002.375,-0.63,0,-0.63
Jun-02,2002.458,-0.35,0,-0.35
Jul-02,2002.542,-0.31,0,-0.31
Aug-02,2002.625,0.6,0.6,0
Sep-02,2002.708,0.43,0.43,0
Oct-02,2002.792,0.42,0.42,0
Nov-02,2002.875,1.51,1.51,0
Dec-02,2002.958,2.1,2.1,0
Jan-03,2003.042,2.09,2.09,0
Feb-03,2003.125,1.75,1.75,0
Mar-03,2003.208,1.51,1.51,0
Apr-03,2003.292,1.18,1.18,0
May-03,2003.375,0.89,0.89,0
Jun-03,2003.458,0.68,0.68,0
Jul-03,2003.542,0.96,0.96,0
Aug-03,2003.625,0.88,0.88,0
Sep-03,2003.708,0.01,0.01,0
Oct-03,2003.792,0.83,0.83,0
Nov-03,2003.875,0.52,0.52,0
Dec-03,2003.958,0.33,0.33,0
Jan-04,2004.042,0.43,0.43,0
Feb-04,2004.125,0.48,0.48,0
Mar-04,2004.208,0.61,0.61,0
Apr-04,2004.292,0.57,0.57,0
May-04,2004.375,0.88,0.88,0
Jun-04,2004.458,0.04,0.04,0
Jul-04,2004.542,0.44,0.44,0
Aug-04,2004.625,0.85,0.85,0
Sep-04,2004.708,0.75,0.75,0
Oct-04,2004.792,-0.11,0,-0.11
Nov-04,2004.875,-0.63,0,-0.63
Dec-04,2004.958,-0.17,0,-0.17
Jan-05,2005.042,0.44,0.44,0
Feb-05,2005.125,0.81,0.81,0
Mar-05,2005.208,1.36,1.36,0
Apr-05,2005.292,1.03,1.03,0
May-05,2005.375,1.86,1.86,0
Jun-05,2005.458,1.17,1.17,0
Jul-05,2005.542,0.66,0.66,0
Aug-05,2005.625,0.25,0.25,0
Sep-05,2005.708,-0.46,0,-0.46
Oct-05,2005.792,-1.32,0,-1.32
Nov-05,2005.875,-1.5,0,-1.5
Dec-05,2005.958,0.2,0.2,0
Jan-06,2006.042,1.03,1.03,0
Feb-06,2006.125,0.66,0.66,0
Mar-06,2006.208,0.05,0.05,0
Apr-06,2006.292,0.4,0.4,0
May-06,2006.375,0.48,0.48,0
Jun-06,2006.458,1.04,1.04,0
Jul-06,2006.542,0.35,0.35,0
Aug-06,2006.625,-0.65,0,-0.65
Sep-06,2006.708,-0.94,0,-0.94
Oct-06,2006.792,-0.05,0,-0.05
Nov-06,2006.875,-0.22,0,-0.22
Dec-06,2006.958,0.14,0.14,0
Jan-07,2007.042,0.01,0.01,0
Feb-07,2007.125,0.04,0.04,0
Mar-07,2007.208,-0.36,0,-0.36
Apr-07,2007.292,0.16,0.16,0
May-07,2007.375,-0.1,0,-0.1
Jun-07,2007.458,0.09,0.09,0
Jul-07,2007.542,0.78,0.78,0
Aug-07,2007.625,0.5,0.5,0
Sep-07,2007.708,-0.36,0,-0.36
Oct-07,2007.792,-1.45,0,-1.45
Nov-07,2007.875,-1.08,0,-1.08
Dec-07,2007.958,-0.58,0,-0.58
Jan-08,2008.042,-1,0,-1
Feb-08,2008.125,-0.77,0,-0.77
Mar-08,2008.208,-0.71,0,-0.71
Apr-08,2008.292,-1.52,0,-1.52
May-08,2008.375,-1.37,0,-1.37
Jun-08,2008.458,-1.34,0,-1.34
Jul-08,2008.542,-1.67,0,-1.67
Aug-08,2008.625,-1.7,0,-1.7
Sep-08,2008.708,-1.55,0,-1.55
Oct-08,2008.792,-1.76,0,-1.76
Nov-08,2008.875,-1.25,0,-1.25
Dec-08,2008.958,-0.87,0,-0.87
Jan-09,2009.042,-1.4,0,-1.4
Feb-09,2009.125,-1.55,0,-1.55
Mar-09,2009.208,,,
Apr-09,2009.292,,,
May-09,2009.375,,,
Jun-09,2009.458,,,
Jul-09,2009.542,,,
Aug-09,2009.625,,,
Sep-09,2009.708,,,
Oct-09,2009.792,,,
Nov-09,2009.875,,,
Dec-09,2009.958,,,
