years_before_present,temp_anomaly_C,reference
-798000,-3.03,https://www.co2levels.org/#sources
-795000,-4.42,
-792000,-2.08,
-789000,-1.78,
-786000,-1.01,
-783000,-0.07,
-780000,0.47,
-777000,-0.76,
-774000,-1.4,
-771000,-1.29,
-768000,-1.54,
-765000,-0.93,
-762000,-1.94,
-759000,-3.25,
-756000,-3.31,
-753000,-1.92,
-750000,-1.72,
-747000,-1.83,
-744000,-0.55,
-741000,-1.09,
-738000,-0.48,
-735000,0.24,
-732000,-1.64,
-729000,-1.31,
-726000,-1.44,
-723000,-2.6,
-720000,-1.99,
-717000,-1.99,
-714000,-2.31,
-711000,-1.93,
-708000,0.11,
-705000,0.89,
-702000,1.55,
-699000,1.92,
-696000,0.93,
-693000,1.07,
-690000,0,
-687000,-1.63,
-684000,-0.16,
-681000,-1.54,
-678000,-3.04,
-675000,-2.1,
-672000,-2.06,
-669000,-3.23,
-666000,-2.04,
-663000,-2.18,
-660000,-3.05,
-657000,-2.86,
-654000,-3.18,
-651000,-3,
-648000,-3.28,
-645000,-3.17,
-642000,-2.91,
-639000,-2.92,
-636000,-2.53,
-633000,-3.04,
-630000,-2.79,
-627000,-0.81,
-624000,-0.42,
-621000,0.85,
-618000,1.47,
-615000,1.79,
-612000,1.53,
-609000,0.37,
-606000,0.29,
-603000,0.48,
-600000,-0.51,
-597000,-0.48,
-594000,0.66,
-591000,-0.12,
-588000,-0.26,
-585000,-0.68,
-582000,-0.72,
-579000,0.27,
-576000,0.85,
-573000,0.03,
-570000,-0.93,
-567000,-1.58,
-564000,-2.43,
-561000,-2.23,
-558000,-2.13,
-555000,-1.37,
-552000,-3.78,
-549000,-3.1,
-546000,-3.08,
-543000,-2.88,
-540000,-3.48,
-537000,-2.25,
-534000,-3.28,
-531000,-0.6,
-528000,0.06,
-525000,-0.16,
-522000,-0.27,
-519000,-0.37,
-516000,-0.54,
-513000,0,
-510000,-0.58,
-507000,0.4,
-504000,0.02,
-501000,0.41,
-498000,-0.02,
-495000,0.44,
-492000,-0.24,
-489000,-0.75,
-486000,-2.38,
-483000,-1.91,
-480000,-3.32,
-477000,-3.15,
-474000,-4.81,
-471000,-4.36,
-468000,-4.86,
-465000,-4.19,
-462000,-4.32,
-459000,-4.58,
-456000,-3.23,
-453000,-2.67,
-450000,-3.17,
-447000,-2.73,
-444000,-3.03,
-441000,-3.89,
-438000,-4.65,
-435000,-4.1,
-432000,-2.98,
-429000,-1.66,
-426000,-0.58,
-423000,-0.17,
-420000,0.8,
-417000,0.84,
-414000,1.5,
-411000,1.27,
-408000,1.66,
-405000,1.23,
-402000,0.25,
-399000,-0.44,
-396000,-0.94,
-393000,-2.61,
-390000,-2.55,
-387000,-2.92,
-384000,-2.74,
-381000,-3.4,
-378000,-2.94,
-375000,-4.27,
-372000,-4.96,
-369000,-4.19,
-366000,-3.96,
-363000,-4.03,
-360000,-3.81,
-357000,-3.93,
-354000,-3.54,
-351000,-3.65,
-348000,-3.12,
-345000,-2.89,
-342000,-2.85,
-339000,-2.9,
-336000,-0.12,
-333000,1,
-330000,1.64,
-327000,0.95,
-324000,0.74,
-321000,0.11,
-318000,-0.71,
-315000,-0.72,
-312000,-0.54,
-309000,-0.68,
-306000,-1.41,
-303000,-1.45,
-300000,-1.84,
-297000,-1.77,
-294000,-2.42,
-291000,-1.57,
-288000,-0.96,
-285000,-1.09,
-282000,-1.99,
-279000,-2.28,
-276000,-2.99,
-273000,-3.35,
-270000,-3.54,
-267000,-3.47,
-264000,-3.37,
-261000,-2.79,
-258000,-2.73,
-255000,-2.63,
-252000,-2.53,
-249000,-1.49,
-246000,-0.81,
-243000,0.43,
-240000,1.37,
-237000,0.08,
-234000,-0.63,
-231000,-1.18,
-228000,-1.35,
-225000,-1.35,
-222000,-0.8,
-219000,-0.06,
-216000,0.9,
-213000,0.29,
-210000,0.23,
-207000,-0.51,
-204000,-0.37,
-201000,-0.45,
-198000,-0.87,
-195000,-1.2,
-192000,-1.71,
-189000,-2.37,
-186000,-2.42,
-183000,-2.17,
-180000,-2.45,
-177000,-2.33,
-174000,-2.51,
-171000,-2.31,
-168000,-2.57,
-165000,-3.07,
-162000,-2.65,
-159000,-2.78,
-156000,-2.88,
-153000,-2.27,
-150000,-2.54,
-147000,-2.41,
-144000,-2.52,
-141000,-2.72,
-138000,-2.46,
-135000,-1.09,
-132000,0.35,
-129000,1.7,
-126000,2.54,
-123000,2.68,
-120000,1.81,
-117000,0.78,
-114000,-0.25,
-111000,-1.04,
-108000,-0.72,
-105000,-0.28,
-102000,-0.21,
-99000,-0.43,
-96000,-0.46,
-93000,-1.18,
-90000,-1.4,
-87000,-1.47,
-84000,-0.8,
-81000,-0.77,
-78000,-1.43,
-75000,-2.15,
-72000,-2.55,
-69000,-3.25,
-66000,-3.4,
-63000,-3.48,
-60000,-2.56,
-57000,-2.36,
-54000,-2.89,
-51000,-2.71,
-48000,-3.27,
-45000,-3.66,
-42000,-3.62,
-39000,-3.27,
-36000,-3.45,
-33000,-3.81,
-30000,-3.79,
-27000,-3.76,
-24000,-3.68,
-22119,-4.15,
-22019,-4.17,
-21919,-4.18,
-21819,-4.19,
-21719,-4.19,
-21619,-4.19,
-21519,-4.19,
-21419,-4.17,
-21319,-4.15,
-21219,-4.14,
-21119,-4.13,
-21019,-4.12,
-20919,-4.12,
-20819,-4.1,
-20719,-4.09,
-20619,-4.08,
-20519,-4.06,
-20419,-4.05,
-20319,-4.04,
-20219,-4.02,
-20119,-4.01,
-20019,-4.01,
-19919,-3.99,
-19819,-3.97,
-19719,-3.96,
-19619,-3.97,
-19519,-4,
-19419,-4.02,
-19319,-4.01,
-19219,-4,
-19119,-4,
-19019,-4.01,
-18919,-4,
-18819,-3.97,
-18719,-3.95,
-18619,-3.92,
-18519,-3.91,
-18419,-3.9,
-18319,-3.88,
-18219,-3.86,
-18119,-3.83,
-18019,-3.81,
-17919,-3.78,
-17819,-3.77,
-17719,-3.75,
-17619,-3.74,
-17519,-3.73,
-17419,-3.72,
-17319,-3.72,
-17219,-3.68,
-17119,-3.61,
-17019,-3.56,
-16919,-3.53,
-16819,-3.5,
-16719,-3.44,
-16619,-3.39,
-16519,-3.34,
-16419,-3.29,
-16319,-3.24,
-16219,-3.19,
-16119,-3.13,
-16019,-3.08,
-15919,-3.04,
-15819,-2.99,
-15719,-2.95,
-15619,-2.9,
-15519,-2.85,
-15419,-2.81,
-15319,-2.77,
-15219,-2.72,
-15119,-2.67,
-15019,-2.61,
-14919,-2.5,
-14819,-2.37,
-14719,-2.22,
-14619,-2.05,
-14519,-1.91,
-14419,-1.81,
-14319,-1.73,
-14219,-1.68,
-14119,-1.65,
-14019,-1.61,
-13919,-1.55,
-13819,-1.5,
-13719,-1.47,
-13619,-1.44,
-13519,-1.42,
-13419,-1.46,
-13319,-1.52,
-13219,-1.59,
-13119,-1.63,
-13019,-1.66,
-12919,-1.72,
-12819,-1.75,
-12719,-1.77,
-12619,-1.74,
-12519,-1.65,
-12419,-1.54,
-12319,-1.44,
-12219,-1.39,
-12119,-1.32,
-12019,-1.23,
-11919,-1.14,
-11819,-1.01,
-11719,-0.81,
-11619,-0.65,
-11519,-0.53,
-11419,-0.43,
-11319,-0.32,
-11219,-0.23,
-11119,-0.14,
-11019,-0.04,
-10919,0.06,
-10819,0.15,
-10719,0.23,
-10619,0.27,
-10519,0.3,
-10419,0.3,
-10319,0.32,
-10219,0.37,
-10119,0.43,
-10019,0.48,
-9919,0.52,
-9819,0.54,
-9719,0.55,
-9619,0.57,
-9519,0.59,
-9419,0.61,
-9319,0.61,
-9219,0.61,
-9119,0.62,
-9019,0.63,
-8919,0.63,
-8819,0.63,
-8719,0.63,
-8619,0.63,
-8519,0.62,
-8419,0.59,
-8319,0.55,
-8219,0.54,
-8119,0.59,
-8019,0.57,
-7919,0.57,
-7819,0.59,
-7719,0.62,
-7619,0.62,
-7519,0.59,
-7419,0.59,
-7319,0.62,
-7219,0.66,
-7119,0.68,
-7019,0.68,
-6919,0.65,
-6819,0.62,
-6719,0.61,
-6619,0.58,
-6519,0.57,
-6419,0.58,
-6319,0.58,
-6219,0.59,
-6119,0.57,
-6019,0.54,
-5919,0.55,
-5819,0.58,
-5719,0.58,
-5619,0.57,
-5519,0.57,
-5419,0.58,
-5319,0.58,
-5219,0.57,
-5119,0.55,
-5019,0.54,
-4919,0.52,
-4819,0.46,
-4719,0.44,
-4619,0.46,
-4519,0.45,
-4419,0.41,
-4319,0.41,
-4219,0.4,
-4119,0.35,
-4019,0.34,
-3919,0.32,
-3819,0.32,
-3719,0.3,
-3619,0.23,
-3519,0.25,
-3419,0.23,
-3319,0.17,
-3219,0.17,
-3119,0.17,
-3019,0.18,
-2919,0.18,
-2819,0.14,
-2719,0.13,
-2619,0.1,
-2519,0.1,
-2419,0.08,
-2319,0.09,
-2219,0.08,
-2119,0.06,
-2019,-0.29,
-2018,-0.21,
-2017,-0.14,
-2016,-0.14,
-2015,-0.21,
-2014,-0.32,
-2013,-0.47,
-2012,-0.5,
-2011,-0.45,
-2010,-0.42,
-2009,-0.42,
-2008,-0.41,
-2007,-0.47,
-2006,-0.66,
-2005,-0.87,
-2004,-0.82,
-2003,-0.52,
-2002,-0.28,
-2001,-0.34,
-2000,-0.5,
-1999,-0.53,
-1998,-0.47,
-1997,-0.39,
-1996,-0.25,
-1995,-0.08,
-1994,0.03,
-1993,-0.05,
-1992,-0.26,
-1991,-0.38,
-1990,-0.35,
-1989,-0.28,
-1988,-0.13,
-1987,0.02,
-1986,0.1,
-1985,0.09,
-1984,-0.11,
-1983,-0.33,
-1982,-0.27,
-1981,-0.13,
-1980,-0.13,
-1979,-0.18,
-1978,-0.28,
-1977,-0.39,
-1976,-0.47,
-1975,-0.49,
-1974,-0.48,
-1973,-0.45,
-1972,-0.38,
-1971,-0.27,
-1970,-0.2,
-1969,-0.27,
-1968,-0.4,
-1967,-0.41,
-1966,-0.27,
-1965,-0.28,
-1964,-0.39,
-1963,-0.39,
-1962,-0.36,
-1961,-0.36,
-1960,-0.32,
-1959,-0.28,
-1958,-0.29,
-1957,-0.32,
-1956,-0.4,
-1955,-0.47,
-1954,-0.44,
-1953,-0.44,
-1952,-0.49,
-1951,-0.53,
-1950,-0.55,
-1949,-0.52,
-1948,-0.41,
-1947,-0.35,
-1946,-0.37,
-1945,-0.35,
-1944,-0.28,
-1943,-0.19,
-1942,-0.15,
-1941,-0.11,
-1940,-0.09,
-1939,-0.13,
-1938,-0.26,
-1937,-0.39,
-1936,-0.46,
-1935,-0.52,
-1934,-0.58,
-1933,-0.54,
-1932,-0.3,
-1931,-0.08,
-1930,-0.06,
-1929,-0.12,
-1928,-0.17,
-1927,-0.25,
-1926,-0.29,
-1925,-0.2,
-1924,-0.06,
-1923,-0.06,
-1922,-0.14,
-1921,-0.28,
-1920,-0.44,
-1919,-0.4,
-1918,-0.25,
-1917,-0.18,
-1916,-0.16,
-1915,-0.15,
-1914,-0.16,
-1913,-0.19,
-1912,-0.35,
-1911,-0.47,
-1910,-0.28,
-1909,-0.18,
-1908,-0.27,
-1907,-0.24,
-1906,-0.12,
-1905,-0.06,
-1904,-0.14,
-1903,-0.29,
-1902,-0.36,
-1901,-0.28,
-1900,-0.13,
-1899,-0.09,
-1898,-0.24,
-1897,-0.33,
-1896,-0.2,
-1895,-0.12,
-1894,-0.18,
-1893,-0.18,
-1892,-0.08,
-1891,-0.01,
-1890,-0.02,
-1889,-0.09,
-1888,-0.15,
-1887,-0.21,
-1886,-0.21,
-1885,-0.2,
-1884,-0.23,
-1883,-0.22,
-1882,-0.16,
-1881,-0.19,
-1880,-0.27,
-1879,-0.29,
-1878,-0.34,
-1877,-0.39,
-1876,-0.39,
-1875,-0.41,
-1874,-0.43,
-1873,-0.36,
-1872,-0.18,
-1871,-0.17,
-1870,-0.41,
-1869,-0.59,
-1868,-0.51,
-1867,-0.32,
-1866,-0.19,
-1865,-0.11,
-1864,-0.02,
-1863,-0.02,
-1862,-0.11,
-1861,-0.17,
-1860,-0.16,
-1859,-0.12,
-1858,-0.09,
-1857,-0.15,
-1856,-0.3,
-1855,-0.35,
-1854,-0.23,
-1853,-0.21,
-1852,-0.33,
-1851,-0.34,
-1850,-0.27,
-1849,-0.33,
-1848,-0.43,
-1847,-0.47,
-1846,-0.54,
-1845,-0.61,
-1844,-0.58,
-1843,-0.5,
-1842,-0.46,
-1841,-0.44,
-1840,-0.39,
-1839,-0.38,
-1838,-0.31,
-1837,-0.23,
-1836,-0.16,
-1835,-0.11,
-1834,-0.12,
-1833,-0.15,
-1832,-0.23,
-1831,-0.32,
-1830,-0.3,
-1829,-0.2,
-1828,-0.12,
-1827,-0.1,
-1826,-0.17,
-1825,-0.32,
-1824,-0.42,
-1823,-0.41,
-1822,-0.32,
-1821,-0.28,
-1820,-0.35,
-1819,-0.39,
-1818,-0.3,
-1817,-0.15,
-1816,-0.08,
-1815,-0.1,
-1814,-0.18,
-1813,-0.37,
-1812,-0.53,
-1811,-0.54,
-1810,-0.51,
-1809,-0.39,
-1808,-0.2,
-1807,-0.18,
-1806,-0.32,
-1805,-0.37,
-1804,-0.28,
-1803,-0.22,
-1802,-0.29,
-1801,-0.38,
-1800,-0.42,
-1799,-0.39,
-1798,-0.34,
-1797,-0.34,
-1796,-0.34,
-1795,-0.35,
-1794,-0.34,
-1793,-0.26,
-1792,-0.18,
-1791,-0.22,
-1790,-0.29,
-1789,-0.24,
-1788,-0.15,
-1787,-0.22,
-1786,-0.45,
-1785,-0.66,
-1784,-0.63,
-1783,-0.42,
-1782,-0.36,
-1781,-0.31,
-1780,-0.18,
-1779,-0.11,
-1778,-0.15,
-1777,-0.22,
-1776,-0.19,
-1775,-0.07,
-1774,-0.01,
-1773,-0.08,
-1772,-0.16,
-1771,-0.18,
-1770,-0.21,
-1769,-0.24,
-1768,-0.21,
-1767,-0.22,
-1766,-0.34,
-1765,-0.45,
-1764,-0.35,
-1763,-0.22,
-1762,-0.15,
-1761,-0.05,
-1760,-0.06,
-1759,-0.25,
-1758,-0.32,
-1757,-0.19,
-1756,-0.05,
-1755,-0.03,
-1754,-0.07,
-1753,-0.14,
-1752,-0.22,
-1751,-0.22,
-1750,-0.17,
-1749,-0.14,
-1748,-0.17,
-1747,-0.27,
-1746,-0.37,
-1745,-0.26,
-1744,-0.1,
-1743,-0.12,
-1742,-0.21,
-1741,-0.16,
-1740,0,
-1739,0.09,
-1738,0,
-1737,-0.08,
-1736,-0.02,
-1735,0.05,
-1734,0.09,
-1733,0.12,
-1732,0.11,
-1731,0.02,
-1730,-0.08,
-1729,-0.17,
-1728,-0.29,
-1727,-0.49,
-1726,-0.53,
-1725,-0.26,
-1724,-0.08,
-1723,-0.15,
-1722,-0.24,
-1721,-0.24,
-1720,-0.22,
-1719,-0.21,
-1718,-0.18,
-1717,-0.18,
-1716,-0.32,
-1715,-0.54,
-1714,-0.6,
-1713,-0.49,
-1712,-0.37,
-1711,-0.28,
-1710,-0.18,
-1709,-0.16,
-1708,-0.25,
-1707,-0.3,
-1706,-0.31,
-1705,-0.37,
-1704,-0.42,
-1703,-0.39,
-1702,-0.36,
-1701,-0.45,
-1700,-0.69,
-1699,-0.82,
-1698,-0.73,
-1697,-0.68,
-1696,-0.65,
-1695,-0.52,
-1694,-0.37,
-1693,-0.3,
-1692,-0.35,
-1691,-0.34,
-1690,-0.21,
-1689,-0.13,
-1688,-0.19,
-1687,-0.32,
-1686,-0.39,
-1685,-0.41,
-1684,-0.42,
-1683,-0.4,
-1682,-0.37,
-1681,-0.41,
-1680,-0.43,
-1679,-0.36,
-1678,-0.29,
-1677,-0.31,
-1676,-0.37,
-1675,-0.33,
-1674,-0.26,
-1673,-0.28,
-1672,-0.3,
-1671,-0.21,
-1670,-0.13,
-1669,-0.19,
-1668,-0.32,
-1667,-0.34,
-1666,-0.24,
-1665,-0.18,
-1664,-0.2,
-1663,-0.19,
-1662,-0.19,
-1661,-0.18,
-1660,-0.17,
-1659,-0.18,
-1658,-0.1,
-1657,-0.07,
-1656,-0.08,
-1655,-0.09,
-1654,-0.12,
-1653,-0.17,
-1652,-0.35,
-1651,-0.63,
-1650,-0.61,
-1649,-0.35,
-1648,-0.2,
-1647,-0.21,
-1646,-0.23,
-1645,-0.28,
-1644,-0.41,
-1643,-0.52,
-1642,-0.5,
-1641,-0.4,
-1640,-0.32,
-1639,-0.33,
-1638,-0.42,
-1637,-0.44,
-1636,-0.36,
-1635,-0.35,
-1634,-0.41,
-1633,-0.33,
-1632,-0.24,
-1631,-0.22,
-1630,-0.25,
-1629,-0.19,
-1628,-0.07,
-1627,-0.05,
-1626,-0.12,
-1625,-0.13,
-1624,-0.12,
-1623,-0.12,
-1622,-0.12,
-1621,-0.18,
-1620,-0.22,
-1619,-0.21,
-1618,-0.25,
-1617,-0.32,
-1616,-0.28,
-1615,-0.19,
-1614,-0.18,
-1613,-0.19,
-1612,-0.19,
-1611,-0.23,
-1610,-0.3,
-1609,-0.39,
-1608,-0.46,
-1607,-0.47,
-1606,-0.43,
-1605,-0.4,
-1604,-0.39,
-1603,-0.32,
-1602,-0.34,
-1601,-0.44,
-1600,-0.49,
-1599,-0.48,
-1598,-0.43,
-1597,-0.39,
-1596,-0.38,
-1595,-0.39,
-1594,-0.35,
-1593,-0.27,
-1592,-0.2,
-1591,-0.2,
-1590,-0.25,
-1589,-0.27,
-1588,-0.16,
-1587,-0.09,
-1586,-0.14,
-1585,-0.23,
-1584,-0.39,
-1583,-0.43,
-1582,-0.27,
-1581,-0.2,
-1580,-0.31,
-1579,-0.52,
-1578,-0.64,
-1577,-0.46,
-1576,-0.26,
-1575,-0.29,
-1574,-0.46,
-1573,-0.48,
-1572,-0.44,
-1571,-0.43,
-1570,-0.38,
-1569,-0.33,
-1568,-0.21,
-1567,-0.1,
-1566,-0.15,
-1565,-0.23,
-1564,-0.18,
-1563,-0.11,
-1562,-0.1,
-1561,-0.1,
-1560,-0.12,
-1559,-0.17,
-1558,-0.27,
-1557,-0.41,
-1556,-0.46,
-1555,-0.41,
-1554,-0.42,
-1553,-0.45,
-1552,-0.41,
-1551,-0.35,
-1550,-0.32,
-1549,-0.33,
-1548,-0.34,
-1547,-0.37,
-1546,-0.39,
-1545,-0.33,
-1544,-0.26,
-1543,-0.25,
-1542,-0.27,
-1541,-0.28,
-1540,-0.26,
-1539,-0.28,
-1538,-0.31,
-1537,-0.3,
-1536,-0.3,
-1535,-0.35,
-1534,-0.41,
-1533,-0.42,
-1532,-0.43,
-1531,-0.4,
-1530,-0.38,
-1529,-0.35,
-1528,-0.27,
-1527,-0.23,
-1526,-0.21,
-1525,-0.19,
-1524,-0.27,
-1523,-0.37,
-1522,-0.35,
-1521,-0.33,
-1520,-0.41,
-1519,-0.44,
-1518,-0.34,
-1517,-0.25,
-1516,-0.28,
-1515,-0.37,
-1514,-0.46,
-1513,-0.43,
-1512,-0.26,
-1511,-0.08,
-1510,-0.01,
-1509,-0.09,
-1508,-0.26,
-1507,-0.36,
-1506,-0.34,
-1505,-0.3,
-1504,-0.33,
-1503,-0.42,
-1502,-0.44,
-1501,-0.38,
-1500,-0.3,
-1499,-0.21,
-1498,-0.15,
-1497,-0.2,
-1496,-0.29,
-1495,-0.3,
-1494,-0.27,
-1493,-0.32,
-1492,-0.38,
-1491,-0.34,
-1490,-0.31,
-1489,-0.33,
-1488,-0.25,
-1487,-0.21,
-1486,-0.36,
-1485,-0.63,
-1484,-0.76,
-1483,-0.62,
-1482,-0.48,
-1481,-0.52,
-1480,-0.58,
-1479,-0.65,
-1478,-0.72,
-1477,-0.75,
-1476,-0.77,
-1475,-0.76,
-1474,-0.7,
-1473,-0.58,
-1472,-0.4,
-1471,-0.29,
-1470,-0.27,
-1469,-0.27,
-1468,-0.34,
-1467,-0.55,
-1466,-0.69,
-1465,-0.49,
-1464,-0.22,
-1463,-0.14,
-1462,-0.13,
-1461,-0.04,
-1460,0.03,
-1459,-0.21,
-1458,-0.58,
-1457,-0.63,
-1456,-0.41,
-1455,-0.31,
-1454,-0.27,
-1453,-0.19,
-1452,-0.27,
-1451,-0.44,
-1450,-0.45,
-1449,-0.33,
-1448,-0.26,
-1447,-0.23,
-1446,-0.21,
-1445,-0.2,
-1444,-0.21,
-1443,-0.2,
-1442,-0.2,
-1441,-0.26,
-1440,-0.3,
-1439,-0.21,
-1438,-0.08,
-1437,-0.05,
-1436,-0.06,
-1435,-0.01,
-1434,0.05,
-1433,-0.03,
-1432,-0.2,
-1431,-0.35,
-1430,-0.45,
-1429,-0.38,
-1428,-0.12,
-1427,-0.03,
-1426,-0.15,
-1425,-0.25,
-1424,-0.3,
-1423,-0.29,
-1422,-0.27,
-1421,-0.23,
-1420,-0.15,
-1419,-0.17,
-1418,-0.26,
-1417,-0.29,
-1416,-0.21,
-1415,-0.21,
-1414,-0.27,
-1413,-0.28,
-1412,-0.3,
-1411,-0.39,
-1410,-0.5,
-1409,-0.51,
-1408,-0.39,
-1407,-0.29,
-1406,-0.34,
-1405,-0.4,
-1404,-0.34,
-1403,-0.25,
-1402,-0.26,
-1401,-0.36,
-1400,-0.42,
-1399,-0.39,
-1398,-0.33,
-1397,-0.32,
-1396,-0.35,
-1395,-0.46,
-1394,-0.57,
-1393,-0.51,
-1392,-0.35,
-1391,-0.32,
-1390,-0.36,
-1389,-0.3,
-1388,-0.23,
-1387,-0.25,
-1386,-0.3,
-1385,-0.32,
-1384,-0.32,
-1383,-0.33,
-1382,-0.42,
-1381,-0.51,
-1380,-0.48,
-1379,-0.38,
-1378,-0.35,
-1377,-0.45,
-1376,-0.62,
-1375,-0.63,
-1374,-0.43,
-1373,-0.32,
-1372,-0.35,
-1371,-0.33,
-1370,-0.32,
-1369,-0.37,
-1368,-0.3,
-1367,-0.21,
-1366,-0.12,
-1365,-0.03,
-1364,-0.05,
-1363,-0.14,
-1362,-0.21,
-1361,-0.28,
-1360,-0.33,
-1359,-0.28,
-1358,-0.15,
-1357,-0.13,
-1356,-0.21,
-1355,-0.18,
-1354,-0.1,
-1353,-0.11,
-1352,-0.19,
-1351,-0.26,
-1350,-0.2,
-1349,-0.04,
-1348,0.03,
-1347,0.02,
-1346,0.08,
-1345,0.01,
-1344,-0.26,
-1343,-0.41,
-1342,-0.25,
-1341,-0.09,
-1340,-0.21,
-1339,-0.33,
-1338,-0.21,
-1337,-0.16,
-1336,-0.24,
-1335,-0.22,
-1334,-0.13,
-1333,-0.07,
-1332,-0.08,
-1331,-0.09,
-1330,-0.06,
-1329,-0.04,
-1328,-0.04,
-1327,0,
-1326,0.02,
-1325,0.01,
-1324,-0.02,
-1323,-0.1,
-1322,-0.27,
-1321,-0.3,
-1320,-0.09,
-1319,0,
-1318,-0.06,
-1317,0.02,
-1316,0.15,
-1315,0.09,
-1314,-0.12,
-1313,-0.26,
-1312,-0.2,
-1311,-0.11,
-1310,-0.1,
-1309,-0.14,
-1308,-0.14,
-1307,-0.13,
-1306,-0.14,
-1305,-0.11,
-1304,-0.13,
-1303,-0.22,
-1302,-0.3,
-1301,-0.35,
-1300,-0.34,
-1299,-0.2,
-1298,-0.06,
-1297,-0.02,
-1296,-0.05,
-1295,-0.09,
-1294,-0.13,
-1293,-0.17,
-1292,-0.19,
-1291,-0.17,
-1290,-0.06,
-1289,0.05,
-1288,0.04,
-1287,-0.04,
-1286,-0.02,
-1285,0.06,
-1284,0.02,
-1283,-0.1,
-1282,-0.2,
-1281,-0.34,
-1280,-0.41,
-1279,-0.32,
-1278,-0.26,
-1277,-0.34,
-1276,-0.4,
-1275,-0.38,
-1274,-0.29,
-1273,-0.21,
-1272,-0.2,
-1271,-0.21,
-1270,-0.22,
-1269,-0.3,
-1268,-0.31,
-1267,-0.23,
-1266,-0.19,
-1265,-0.23,
-1264,-0.24,
-1263,-0.2,
-1262,-0.12,
-1261,-0.09,
-1260,-0.22,
-1259,-0.41,
-1258,-0.45,
-1257,-0.25,
-1256,-0.03,
-1255,-0.04,
-1254,-0.22,
-1253,-0.29,
-1252,-0.2,
-1251,-0.15,
-1250,-0.16,
-1249,-0.23,
-1248,-0.31,
-1247,-0.36,
-1246,-0.35,
-1245,-0.33,
-1244,-0.32,
-1243,-0.32,
-1242,-0.29,
-1241,-0.27,
-1240,-0.28,
-1239,-0.27,
-1238,-0.18,
-1237,-0.02,
-1236,0.12,
-1235,0.14,
-1234,0.09,
-1233,0.04,
-1232,-0.05,
-1231,-0.12,
-1230,-0.11,
-1229,-0.07,
-1228,-0.08,
-1227,-0.18,
-1226,-0.25,
-1225,-0.18,
-1224,-0.11,
-1223,-0.16,
-1222,-0.28,
-1221,-0.37,
-1220,-0.34,
-1219,-0.31,
-1218,-0.27,
-1217,-0.22,
-1216,-0.25,
-1215,-0.23,
-1214,-0.2,
-1213,-0.26,
-1212,-0.48,
-1211,-0.7,
-1210,-0.59,
-1209,-0.33,
-1208,-0.26,
-1207,-0.4,
-1206,-0.5,
-1205,-0.43,
-1204,-0.46,
-1203,-0.62,
-1202,-0.6,
-1201,-0.36,
-1200,-0.09,
-1199,0.07,
-1198,0.04,
-1197,-0.08,
-1196,-0.23,
-1195,-0.36,
-1194,-0.35,
-1193,-0.25,
-1192,-0.2,
-1191,-0.25,
-1190,-0.24,
-1189,-0.13,
-1188,-0.02,
-1187,0.03,
-1186,0.01,
-1185,-0.03,
-1184,-0.06,
-1183,-0.06,
-1182,-0.07,
-1181,-0.1,
-1180,-0.14,
-1179,-0.08,
-1178,0.13,
-1177,0.22,
-1176,0.08,
-1175,-0.1,
-1174,-0.2,
-1173,-0.26,
-1172,-0.2,
-1171,-0.16,
-1170,-0.22,
-1169,-0.23,
-1168,-0.22,
-1167,-0.27,
-1166,-0.33,
-1165,-0.34,
-1164,-0.25,
-1163,-0.07,
-1162,0.01,
-1161,-0.09,
-1160,-0.24,
-1159,-0.29,
-1158,-0.23,
-1157,-0.15,
-1156,-0.21,
-1155,-0.36,
-1154,-0.43,
-1153,-0.48,
-1152,-0.45,
-1151,-0.28,
-1150,-0.16,
-1149,-0.2,
-1148,-0.23,
-1147,-0.16,
-1146,-0.08,
-1145,-0.01,
-1144,0,
-1143,-0.05,
-1142,-0.04,
-1141,0.02,
-1140,0.04,
-1139,0.05,
-1138,-0.07,
-1137,-0.3,
-1136,-0.33,
-1135,-0.17,
-1134,-0.12,
-1133,-0.15,
-1132,-0.12,
-1131,-0.09,
-1130,0,
-1129,0.12,
-1128,0.18,
-1127,0.17,
-1126,0.2,
-1125,0.32,
-1124,0.46,
-1123,0.4,
-1122,0.17,
-1121,-0.05,
-1120,-0.18,
-1119,-0.23,
-1118,-0.29,
-1117,-0.39,
-1116,-0.4,
-1115,-0.35,
-1114,-0.41,
-1113,-0.45,
-1112,-0.35,
-1111,-0.27,
-1110,-0.27,
-1109,-0.27,
-1108,-0.31,
-1107,-0.35,
-1106,-0.3,
-1105,-0.2,
-1104,-0.08,
-1103,0,
-1102,-0.14,
-1101,-0.35,
-1100,-0.36,
-1099,-0.23,
-1098,-0.28,
-1097,-0.47,
-1096,-0.53,
-1095,-0.36,
-1094,-0.18,
-1093,-0.11,
-1092,-0.09,
-1091,-0.14,
-1090,-0.22,
-1089,-0.25,
-1088,-0.22,
-1087,-0.13,
-1086,-0.05,
-1085,0,
-1084,0.1,
-1083,0.13,
-1082,-0.01,
-1081,-0.05,
-1080,0.05,
-1079,0.05,
-1078,-0.11,
-1077,-0.24,
-1076,-0.29,
-1075,-0.23,
-1074,-0.18,
-1073,-0.2,
-1072,-0.2,
-1071,-0.16,
-1070,-0.12,
-1069,-0.15,
-1068,-0.2,
-1067,-0.21,
-1066,-0.23,
-1065,-0.26,
-1064,-0.31,
-1063,-0.38,
-1062,-0.27,
-1061,-0.12,
-1060,-0.18,
-1059,-0.28,
-1058,-0.13,
-1057,0.03,
-1056,0.11,
-1055,0.16,
-1054,0.05,
-1053,-0.11,
-1052,-0.1,
-1051,-0.06,
-1050,-0.02,
-1049,-0.12,
-1048,-0.21,
-1047,-0.13,
-1046,-0.05,
-1045,-0.08,
-1044,-0.03,
-1043,0.13,
-1042,0.1,
-1041,-0.11,
-1040,-0.23,
-1039,-0.14,
-1038,0.03,
-1037,0.02,
-1036,-0.01,
-1035,0.08,
-1034,0.18,
-1033,0.21,
-1032,0.24,
-1031,0.3,
-1030,0.31,
-1029,0.27,
-1028,0.24,
-1027,0.17,
-1026,-0.07,
-1025,-0.21,
-1024,-0.06,
-1023,0.07,
-1022,0.08,
-1021,0.12,
-1020,0.07,
-1019,-0.01,
-1018,-0.01,
-1017,0.03,
-1016,-0.04,
-1015,-0.15,
-1014,-0.02,
-1013,0.2,
-1012,0.19,
-1011,0.08,
-1010,0.07,
-1009,0.11,
-1008,0.1,
-1007,0.02,
-1006,0.02,
-1005,0.19,
-1004,0.37,
-1003,0.4,
-1002,0.29,
-1001,0.21,
-1000,0.17,
-999,0.04,
-998,0.02,
-997,0.18,
-996,0.21,
-995,0.07,
-994,0.01,
-993,0.1,
-992,0.18,
-991,0.19,
-990,0.2,
-989,0.16,
-988,0.05,
-987,-0.03,
-986,-0.06,
-985,-0.1,
-984,-0.07,
-983,0.02,
-982,0.06,
-981,0.06,
-980,0.11,
-979,0.18,
-978,0.08,
-977,-0.13,
-976,-0.18,
-975,-0.06,
-974,0.03,
-973,-0.06,
-972,-0.24,
-971,-0.22,
-970,-0.08,
-969,-0.03,
-968,-0.07,
-967,-0.1,
-966,-0.12,
-965,-0.18,
-964,-0.15,
-963,-0.08,
-962,-0.1,
-961,-0.1,
-960,0.08,
-959,0.23,
-958,0.1,
-957,-0.03,
-956,0.09,
-955,0.17,
-954,-0.02,
-953,-0.24,
-952,-0.3,
-951,-0.32,
-950,-0.31,
-949,-0.22,
-948,-0.16,
-947,-0.17,
-946,-0.14,
-945,-0.06,
-944,-0.05,
-943,-0.11,
-942,-0.13,
-941,-0.02,
-940,0.09,
-939,0.14,
-938,0.12,
-937,0.07,
-936,0.09,
-935,0.14,
-934,0.21,
-933,0.23,
-932,0.18,
-931,0.16,
-930,0.23,
-929,0.28,
-928,0.21,
-927,0.1,
-926,0.08,
-925,0.06,
-924,0,
-923,-0.14,
-922,-0.24,
-921,-0.08,
-920,0.06,
-919,0.02,
-918,-0.1,
-917,-0.11,
-916,0.19,
-915,0.47,
-914,0.43,
-913,0.22,
-912,0.12,
-911,0.14,
-910,0.14,
-909,0.17,
-908,0.19,
-907,0.13,
-906,0.14,
-905,0.24,
-904,0.27,
-903,0.21,
-902,0.15,
-901,0.13,
-900,0.05,
-899,-0.04,
-898,-0.05,
-897,-0.08,
-896,-0.07,
-895,-0.09,
-894,-0.26,
-893,-0.31,
-892,-0.14,
-891,0,
-890,0.06,
-889,0.02,
-888,-0.18,
-887,-0.33,
-886,-0.24,
-885,-0.11,
-884,-0.05,
-883,0,
-882,-0.04,
-881,-0.14,
-880,-0.16,
-879,-0.11,
-878,-0.02,
-877,0.1,
-876,0.15,
-875,0.06,
-874,-0.04,
-873,-0.11,
-872,-0.12,
-871,-0.13,
-870,-0.27,
-869,-0.34,
-868,-0.2,
-867,-0.09,
-866,-0.05,
-865,-0.01,
-864,-0.04,
-863,-0.06,
-862,0.02,
-861,0.09,
-860,0.07,
-859,-0.05,
-858,-0.14,
-857,-0.12,
-856,-0.07,
-855,0,
-854,0.05,
-853,0.01,
-852,-0.03,
-851,-0.03,
-850,-0.14,
-849,-0.25,
-848,-0.19,
-847,-0.05,
-846,-0.02,
-845,-0.09,
-844,-0.09,
-843,0.01,
-842,0.1,
-841,0.03,
-840,-0.05,
-839,0.01,
-838,0.08,
-837,0.06,
-836,0.02,
-835,-0.05,
-834,-0.14,
-833,-0.14,
-832,-0.1,
-831,-0.08,
-830,-0.08,
-829,-0.1,
-828,-0.13,
-827,-0.18,
-826,-0.2,
-825,-0.21,
-824,-0.27,
-823,-0.24,
-822,-0.23,
-821,-0.28,
-820,-0.21,
-819,-0.09,
-818,-0.01,
-817,0.03,
-816,0.02,
-815,-0.11,
-814,-0.27,
-813,-0.35,
-812,-0.34,
-811,-0.23,
-810,-0.1,
-809,-0.02,
-808,0,
-807,-0.03,
-806,-0.11,
-805,-0.19,
-804,-0.29,
-803,-0.48,
-802,-0.47,
-801,-0.21,
-800,-0.07,
-799,-0.07,
-798,-0.02,
-797,0,
-796,-0.01,
-795,0,
-794,-0.07,
-793,-0.15,
-792,0.03,
-791,0.2,
-790,0.17,
-789,0.08,
-788,-0.06,
-787,-0.23,
-786,-0.3,
-785,-0.33,
-784,-0.36,
-783,-0.29,
-782,-0.17,
-781,-0.11,
-780,-0.06,
-779,-0.03,
-778,-0.09,
-777,-0.17,
-776,-0.17,
-775,-0.18,
-774,-0.24,
-773,-0.17,
-772,0.02,
-771,0.1,
-770,-0.01,
-769,-0.16,
-768,-0.24,
-767,-0.36,
-766,-0.48,
-765,-0.42,
-764,-0.3,
-763,-0.34,
-762,-0.43,
-761,-0.3,
-760,-0.11,
-759,-0.05,
-758,-0.1,
-757,-0.27,
-756,-0.46,
-755,-0.36,
-754,-0.1,
-753,0.01,
-752,-0.11,
-751,-0.28,
-750,-0.28,
-749,-0.19,
-748,-0.23,
-747,-0.34,
-746,-0.21,
-745,-0.1,
-744,-0.23,
-743,-0.34,
-742,-0.26,
-741,-0.12,
-740,-0.12,
-739,-0.24,
-738,-0.29,
-737,-0.32,
-736,-0.52,
-735,-0.66,
-734,-0.47,
-733,-0.33,
-732,-0.44,
-731,-0.45,
-730,-0.33,
-729,-0.36,
-728,-0.5,
-727,-0.51,
-726,-0.47,
-725,-0.5,
-724,-0.53,
-723,-0.48,
-722,-0.5,
-721,-0.54,
-720,-0.48,
-719,-0.37,
-718,-0.3,
-717,-0.32,
-716,-0.34,
-715,-0.33,
-714,-0.38,
-713,-0.41,
-712,-0.35,
-711,-0.29,
-710,-0.21,
-709,-0.16,
-708,-0.2,
-707,-0.18,
-706,-0.16,
-705,-0.29,
-704,-0.37,
-703,-0.39,
-702,-0.45,
-701,-0.42,
-700,-0.26,
-699,-0.18,
-698,-0.28,
-697,-0.37,
-696,-0.27,
-695,-0.13,
-694,-0.05,
-693,-0.08,
-692,-0.24,
-691,-0.28,
-690,-0.09,
-689,0.02,
-688,-0.01,
-687,-0.09,
-686,-0.23,
-685,-0.41,
-684,-0.47,
-683,-0.45,
-682,-0.5,
-681,-0.44,
-680,-0.3,
-679,-0.16,
-678,-0.07,
-677,-0.08,
-676,-0.16,
-675,-0.19,
-674,-0.19,
-673,-0.21,
-672,-0.22,
-671,-0.24,
-670,-0.33,
-669,-0.36,
-668,-0.19,
-667,-0.1,
-666,-0.13,
-665,-0.04,
-664,0.11,
-663,0.09,
-662,-0.04,
-661,-0.1,
-660,-0.18,
-659,-0.3,
-658,-0.31,
-657,-0.23,
-656,-0.26,
-655,-0.3,
-654,-0.18,
-653,-0.04,
-652,-0.05,
-651,-0.16,
-650,-0.24,
-649,-0.35,
-648,-0.37,
-647,-0.23,
-646,-0.13,
-645,-0.18,
-644,-0.32,
-643,-0.43,
-642,-0.44,
-641,-0.44,
-640,-0.38,
-639,-0.32,
-638,-0.31,
-637,-0.22,
-636,-0.09,
-635,-0.01,
-634,-0.05,
-633,-0.12,
-632,-0.13,
-631,-0.19,
-630,-0.27,
-629,-0.23,
-628,-0.19,
-627,-0.15,
-626,-0.1,
-625,-0.18,
-624,-0.32,
-623,-0.35,
-622,-0.34,
-621,-0.37,
-620,-0.39,
-619,-0.36,
-618,-0.29,
-617,-0.25,
-616,-0.16,
-615,-0.01,
-614,0.02,
-613,-0.12,
-612,-0.15,
-611,-0.1,
-610,-0.1,
-609,-0.09,
-608,-0.11,
-607,-0.24,
-606,-0.3,
-605,-0.23,
-604,-0.07,
-603,0.08,
-602,0.08,
-601,-0.01,
-600,-0.08,
-599,-0.12,
-598,-0.05,
-597,0.1,
-596,0.1,
-595,-0.05,
-594,-0.12,
-593,0,
-592,0.07,
-591,-0.02,
-590,-0.13,
-589,-0.2,
-588,-0.22,
-587,-0.28,
-586,-0.33,
-585,-0.21,
-584,-0.12,
-583,-0.21,
-582,-0.29,
-581,-0.22,
-580,-0.16,
-579,-0.23,
-578,-0.24,
-577,-0.11,
-576,-0.11,
-575,-0.25,
-574,-0.36,
-573,-0.45,
-572,-0.54,
-571,-0.61,
-570,-0.63,
-569,-0.56,
-568,-0.52,
-567,-0.49,
-566,-0.47,
-565,-0.58,
-564,-0.74,
-563,-0.71,
-562,-0.49,
-561,-0.38,
-560,-0.47,
-559,-0.56,
-558,-0.51,
-557,-0.49,
-556,-0.61,
-555,-0.61,
-554,-0.48,
-553,-0.46,
-552,-0.51,
-551,-0.38,
-550,-0.22,
-549,-0.24,
-548,-0.33,
-547,-0.42,
-546,-0.55,
-545,-0.6,
-544,-0.46,
-543,-0.31,
-542,-0.37,
-541,-0.5,
-540,-0.47,
-539,-0.42,
-538,-0.47,
-537,-0.35,
-536,-0.1,
-535,-0.01,
-534,-0.01,
-533,-0.02,
-532,-0.02,
-531,0.08,
-530,0.07,
-529,-0.21,
-528,-0.48,
-527,-0.38,
-526,-0.24,
-525,-0.37,
-524,-0.62,
-523,-0.68,
-522,-0.53,
-521,-0.5,
-520,-0.59,
-519,-0.49,
-518,-0.35,
-517,-0.36,
-516,-0.43,
-515,-0.48,
-514,-0.48,
-513,-0.44,
-512,-0.38,
-511,-0.28,
-510,-0.24,
-509,-0.32,
-508,-0.45,
-507,-0.5,
-506,-0.49,
-505,-0.47,
-504,-0.41,
-503,-0.37,
-502,-0.34,
-501,-0.27,
-500,-0.32,
-499,-0.58,
-498,-0.84,
-497,-0.87,
-496,-0.69,
-495,-0.54,
-494,-0.49,
-493,-0.57,
-492,-0.76,
-491,-0.84,
-490,-0.79,
-489,-0.73,
-488,-0.7,
-487,-0.69,
-486,-0.57,
-485,-0.4,
-484,-0.33,
-483,-0.36,
-482,-0.36,
-481,-0.31,
-480,-0.47,
-479,-0.84,
-478,-0.98,
-477,-0.88,
-476,-0.87,
-475,-0.88,
-474,-0.82,
-473,-0.76,
-472,-0.65,
-471,-0.47,
-470,-0.38,
-469,-0.39,
-468,-0.35,
-467,-0.29,
-466,-0.36,
-465,-0.41,
-464,-0.36,
-463,-0.41,
-462,-0.54,
-461,-0.55,
-460,-0.44,
-459,-0.34,
-458,-0.29,
-457,-0.28,
-456,-0.27,
-455,-0.35,
-454,-0.41,
-453,-0.35,
-452,-0.33,
-451,-0.42,
-450,-0.58,
-449,-0.7,
-448,-0.64,
-447,-0.56,
-446,-0.56,
-445,-0.66,
-444,-0.73,
-443,-0.74,
-442,-0.89,
-441,-1.16,
-440,-1.13,
-439,-0.76,
-438,-0.52,
-437,-0.53,
-436,-0.65,
-435,-0.74,
-434,-0.68,
-433,-0.57,
-432,-0.58,
-431,-0.73,
-430,-0.86,
-429,-0.84,
-428,-0.82,
-427,-0.7,
-426,-0.53,
-425,-0.52,
-424,-0.55,
-423,-0.51,
-422,-0.48,
-421,-0.61,
-420,-0.77,
-419,-0.68,
-418,-0.55,
-417,-0.54,
-416,-0.54,
-415,-0.53,
-414,-0.58,
-413,-0.66,
-412,-0.65,
-411,-0.53,
-410,-0.45,
-409,-0.47,
-408,-0.56,
-407,-0.61,
-406,-0.54,
-405,-0.38,
-404,-0.28,
-403,-0.32,
-402,-0.42,
-401,-0.42,
-400,-0.37,
-399,-0.42,
-398,-0.51,
-397,-0.53,
-396,-0.48,
-395,-0.44,
-394,-0.53,
-393,-0.51,
-392,-0.43,
-391,-0.44,
-390,-0.57,
-389,-0.75,
-388,-0.77,
-387,-0.58,
-386,-0.42,
-385,-0.36,
-384,-0.37,
-383,-0.45,
-382,-0.45,
-381,-0.33,
-380,-0.34,
-379,-0.61,
-378,-0.8,
-377,-0.74,
-376,-0.64,
-375,-0.62,
-374,-0.64,
-373,-0.58,
-372,-0.4,
-371,-0.29,
-370,-0.28,
-369,-0.36,
-368,-0.52,
-367,-0.62,
-366,-0.69,
-365,-0.71,
-364,-0.6,
-363,-0.47,
-362,-0.45,
-361,-0.45,
-360,-0.41,
-359,-0.39,
-358,-0.44,
-357,-0.48,
-356,-0.5,
-355,-0.5,
-354,-0.43,
-353,-0.51,
-352,-0.72,
-351,-0.75,
-350,-0.58,
-349,-0.39,
-348,-0.34,
-347,-0.41,
-346,-0.51,
-345,-0.61,
-344,-0.64,
-343,-0.6,
-342,-0.56,
-341,-0.55,
-340,-0.59,
-339,-0.58,
-338,-0.44,
-337,-0.44,
-336,-0.63,
-335,-0.76,
-334,-0.74,
-333,-0.59,
-332,-0.53,
-331,-0.66,
-330,-0.74,
-329,-0.63,
-328,-0.54,
-327,-0.52,
-326,-0.5,
-325,-0.52,
-324,-0.61,
-323,-0.69,
-322,-0.73,
-321,-0.7,
-320,-0.57,
-319,-0.48,
-318,-0.5,
-317,-0.58,
-316,-0.53,
-315,-0.4,
-314,-0.47,
-313,-0.72,
-312,-0.78,
-311,-0.62,
-310,-0.49,
-309,-0.46,
-308,-0.46,
-307,-0.47,
-306,-0.49,
-305,-0.52,
-304,-0.55,
-303,-0.53,
-302,-0.46,
-301,-0.34,
-300,-0.22,
-299,-0.29,
-298,-0.49,
-297,-0.53,
-296,-0.39,
-295,-0.23,
-294,-0.1,
-293,-0.09,
-292,-0.29,
-291,-0.54,
-290,-0.57,
-289,-0.51,
-288,-0.53,
-287,-0.58,
-286,-0.67,
-285,-0.74,
-284,-0.64,
-283,-0.6,
-282,-0.66,
-281,-0.68,
-280,-0.6,
-279,-0.51,
-278,-0.49,
-277,-0.44,
-276,-0.42,
-275,-0.37,
-274,-0.19,
-273,-0.12,
-272,-0.25,
-271,-0.32,
-270,-0.3,
-269,-0.39,
-268,-0.6,
-267,-0.69,
-266,-0.53,
-265,-0.36,
-264,-0.32,
-263,-0.31,
-262,-0.29,
-261,-0.27,
-260,-0.16,
-259,-0.1,
-258,-0.2,
-257,-0.32,
-256,-0.31,
-255,-0.24,
-254,-0.18,
-253,-0.16,
-252,-0.23,
-251,-0.3,
-250,-0.31,
-249,-0.31,
-248,-0.32,
-247,-0.31,
-246,-0.27,
-245,-0.22,
-244,-0.28,
-243,-0.36,
-242,-0.27,
-241,-0.2,
-240,-0.31,
-239,-0.54,
-238,-0.71,
-237,-0.6,
-236,-0.39,
-235,-0.33,
-234,-0.37,
-233,-0.39,
-232,-0.39,
-231,-0.36,
-230,-0.3,
-229,-0.24,
-228,-0.22,
-227,-0.27,
-226,-0.4,
-225,-0.5,
-224,-0.36,
-223,-0.26,
-222,-0.28,
-221,-0.26,
-220,-0.28,
-219,-0.32,
-218,-0.21,
-217,-0.17,
-216,-0.25,
-215,-0.3,
-214,-0.32,
-213,-0.32,
-212,-0.28,
-211,-0.23,
-210,-0.26,
-209,-0.44,
-208,-0.74,
-207,-0.88,
-206,-0.76,
-205,-0.64,
-204,-0.57,
-203,-0.47,
-202,-0.47,
-201,-0.53,
-200,-0.49,
-199,-0.43,
-198,-0.5,
-197,-0.6,
-196,-0.6,
-195,-0.47,
-194,-0.3,
-193,-0.19,
-192,-0.2,
-191,-0.27,
-190,-0.28,
-189,-0.32,
-188,-0.37,
-187,-0.38,
-186,-0.48,
-185,-0.63,
-184,-0.68,
-183,-0.57,
-182,-0.4,
-181,-0.32,
-180,-0.35,
-179,-0.46,
-178,-0.52,
-177,-0.5,
-176,-0.53,
-175,-0.5,
-174,-0.39,
-173,-0.32,
-172,-0.27,
-171,-0.25,
-170,-0.31,
-169,-0.31,
-168,-0.25,
-167,-0.16,
-166,-0.06,
-165,-0.16,
-164,-0.44,
-163,-0.48,
-162,-0.33,
-161,-0.2,
-160,-0.11,
-159,-0.11,
-158,-0.18,
-157,-0.26,
-156,-0.31,
-155,-0.34,
-154,-0.26,
-153,-0.12,
-152,-0.01,
-151,-0.01,
-150,-0.06,
-149,-0.05,
-148,-0.07,
-147,-0.15,
-146,-0.14,
-145,-0.12,
-144,-0.16,
-143,-0.18,
-142,-0.18,
-141,-0.25,
-140,-0.19,
-139,-0.1,
-138,-0.11,
-137,-0.19,
-136,-0.29,
-135,-0.32,
-134,-0.32,
-133,-0.35,
-132,-0.18,
-131,-0.11,
-130,-0.37,
-129,-0.24,
-128,-0.27,
-127,-0.32,
-126,-0.31,
-125,-0.23,
-124,-0.12,
-123,-0.12,
-122,-0.28,
-121,-0.18,
-120,-0.09,
-119,-0.15,
-118,-0.27,
-117,-0.37,
-116,-0.46,
-115,-0.26,
-114,-0.22,
-113,-0.38,
-112,-0.42,
-111,-0.48,
-110,-0.43,
-109,-0.44,
-108,-0.36,
-107,-0.34,
-106,-0.15,
-105,-0.14,
-104,-0.36,
-103,-0.46,
-102,-0.29,
-101,-0.27,
-100,-0.27,
-99,-0.19,
-98,-0.28,
-97,-0.26,
-96,-0.27,
-95,-0.22,
-94,-0.11,
-93,-0.22,
-92,-0.2,
-91,-0.36,
-90,-0.16,
-89,-0.09,
-88,-0.16,
-87,-0.28,
-86,-0.13,
-85,-0.2,
-84,-0.15,
-83,-0.03,
-82,0,
-81,-0.02,
-80,0.13,
-79,0.19,
-78,0.07,
-77,0.09,
-76,0.2,
-75,0.09,
-74,-0.07,
-73,-0.03,
-72,-0.11,
-71,-0.11,
-70,-0.17,
-69,-0.07,
-68,0.01,
-67,0.08,
-66,-0.13,
-65,-0.14,
-64,-0.19,
-63,0.05,
-62,0.06,
-61,0.03,
-60,-0.02,
-59,0.06,
-58,0.04,
-57,0.05,
-56,-0.2,
-55,-0.11,
-54,-0.06,
-53,-0.02,
-52,-0.08,
-51,0.05,
-50,0.02,
-49,-0.08,
-48,0.01,
-47,0.16,
-46,-0.07,
-45,-0.01,
-44,-0.1,
-43,0.18,
-42,0.07,
-41,0.16,
-40,0.26,
-39,0.32,
-38,0.14,
-37,0.31,
-36,0.15,
-35,0.11,
-34,0.18,
-33,0.32,
-32,0.38,
-31,0.27,
-30,0.45,
-29,0.4,
-28,0.22,
-27,0.23,
-26,0.31,
-25,0.44,
-24,0.32,
-23,0.46,
-22,0.61,
-21,0.39,
-20,0.39,
-19,0.54,
-18,0.63,
-17,0.62,
-16,0.54,
-15,0.68,
-14,0.64,
-13,0.66,
-12,0.54,
-11,0.66,
-10,0.72,
-9,0.61,
-8,0.64,
-7,0.68,
-6,0.75,
-5,0.9,
-4,1.02,
-3,0.92,
-2,0.85,
-1,0.98,
